,unnamed,score,Close1,Close2,Close3,Close4,Close5,Close6,Close7,Close8,Close9,Close10,High1,High2,High3,High4,High5,High6,High7,High8,High9,High10,Low1,Low2,Low3,Low4,Low5,Low6,Low7,Low8,Low9,Low10,Open1,Open2,Open3,Open4,Open5,Open6,Open7,Open8,Open9,Open10
0,,4,0.1153846153846149,0.0769230769230766,0.0384615384615383,0.2307692307692299,0.1153846153846149,0.0,0.0769230769230766,0.6538461538461551,0.4615384615384617,0.9999999999999982,0.2857142857142847,0.2142857142857135,0.2142857142857135,0.2857142857142847,0.4642857142857135,0.0,0.25,0.6071428571428577,0.6785714285714288,1.0,0.1052631578947398,0.3684210526315787,0.0,0.4736842105263186,0.4736842105263186,0.1052631578947398,0.3684210526315787,0.5789473684210549,0.7894736842105274,1.0,0.0555555555555571,0.1666666666666678,0.0,0.0555555555555571,0.6666666666666679,0.0,0.0,0.2222222222222249,1.0,0.722222222222225
1,,5,0.0857142857142854,0.0,0.2857142857142865,0.4000000000000003,0.5142857142857142,0.4000000000000003,0.5428571428571427,0.7142857142857153,0.6571428571428566,1.0,0.0,0.15625,0.28125,0.4375,0.46875,0.4375,0.625,0.6875,0.8125,1.0,0.0,0.0370370370370363,0.1111111111111107,0.5555555555555554,0.5925925925925917,0.5555555555555554,0.6666666666666661,0.8148148148148149,0.9259259259259256,1.0,0.0,0.258064516129032,0.0967741935483879,0.548387096774194,0.5806451612903221,0.548387096774194,0.5161290322580641,0.7096774193548381,1.0,0.870967741935484
2,,2,0.8571430444189971,0.8367344397170751,0.8571430444189971,0.5306119238531473,0.7346940380734264,0.5510205285550693,0.7959185412462126,1.0,0.8367344397170751,0.0,0.9999999999999982,0.9629621318951304,0.4814815388760021,0.8518508921282386,0.2592592971928464,0.0,0.4814815166979276,0.5925922912051664,0.5925918208761747,0.5555552620578741,1.0,0.9318177056734118,0.8409091205213297,0.613635878973799,0.6590909463778836,0.613636369053701,0.750000033416887,0.909090719130992,0.9090904383028082,0.0,1.0,0.7599991233833094,0.4800000120043428,0.6399989774220671,0.2799999693655302,0.0799999019725135,0.0,0.6399996366316074,0.6399991321006695,0.5599996433833745
3,,5,0.0,0.2666670235316788,0.1999999999999993,0.1666670235316782,0.0666670235316786,0.2666670235316788,0.5,0.9666664882341608,1.0,0.9666664882341608,0.0,0.250000383835685,0.3125000283742869,0.1875003654224309,0.0937503474083971,0.2187503842391356,0.4375000913209375,0.9687500018315164,0.9062501805555404,1.0,0.0,0.1333337351643129,0.2333333679302587,0.2000003807332593,0.1666670275028412,0.2333337336184504,0.4333334287021069,0.6000000244626715,0.9333335198163404,1.0,0.0,0.1714289164694928,0.3714285935716903,0.3142860407936432,0.2285717380789433,0.2285717732282384,0.4285715110030219,0.5428571668205757,0.971428732982054,1.0
4,,2,0.9375008007320992,0.9375008007320992,0.4999990848776043,0.6249993136582042,1.0,0.6249993136582042,0.1250002287805998,0.1875012582932989,0.4999990848776043,0.0,1.0,0.8500001416635925,0.5499988729299012,0.2499994163066539,0.5999997503285073,0.5499991089047249,0.2999999335044734,0.2000008987704618,0.0999993405077166,0.0,1.0,0.9375000719210718,0.5624986225204545,0.3749991393059098,0.8749993738443287,0.6874987546226983,0.1875000564571038,0.250001037629918,0.1874990895360753,0.0,1.0000000000000018,0.571429181745895,0.3809518023955931,0.0952381684849541,0.333333696050996,0.4761899763619581,0.2857146121104605,1.5583596759682905e-06,0.0,5.274601928562106e-07
5,,2,1.0,0.867924160883728,0.8773586130387576,0.6981128735306621,0.5188677241183974,0.4056601992163529,0.3113209885285375,0.4528300996081764,0.2830188122551105,0.0,1.0,0.8837204657868476,0.790697845229591,0.6279065761852092,0.3139532872555843,0.1976742485726204,0.1395352284178139,0.1627906525288516,0.0,0.1279069831226893,1.0,0.867924160883728,0.8679246514923289,0.6981128735306621,0.4905658413317866,0.3867922773361094,0.2264153334831853,0.3773584107201868,0.1698112786431647,0.0,1.0,0.9772722607319926,0.7954547087845754,0.7499995893268991,0.4204543319954252,0.2613634612164519,0.2159094118153728,0.2045454039351328,0.0,0.2272727166552766
6,,3,0.3333333333333286,0.1999966356727966,0.0,1.0,0.7999991589181974,0.7999991589181974,0.5999983178364019,0.733330810087935,0.8666675077484669,0.5333341744151312,0.0833369451494405,0.0,0.0833376765907516,0.8333326306565212,0.749998991171978,0.749998991171978,0.3333333078385294,0.7499970187394993,1.0,0.7500016868250512,0.0,0.1538425673947401,6.665230927183075e-07,0.3076910311293375,0.6923058684542269,0.8461520304371177,0.4615360495303164,0.538457912049175,1.0,0.6923083298099755,0.0,0.1428540460932623,0.2142867182923638,0.3571422735240261,0.7857139148315255,1.0,0.4285699037582162,0.4285687732987924,0.857144288357631,0.8571449121189829
7,,5,0.0,0.0851066938186493,0.1276596349091825,0.1276596349091825,0.1702129818185067,0.2553192698183641,0.1914896552731688,0.7234044625457665,0.7659574036362988,1.0,0.0,0.1020408242705066,0.1224490669755793,0.1428573096806511,0.2448981339511586,0.2448981339511586,0.1836734058359423,0.6734696737382597,0.8367348368691294,1.0,0.1111111111111107,0.1777776082356768,0.1999999152289495,0.2666668362087669,0.3555556403266058,0.0,0.3555556403266058,0.3555556403266058,0.8444442749023438,1.0,0.1333334181043834,0.1777776082356768,0.2222222222222223,0.2666668362087669,0.3555556403266058,0.0,0.3555556403266058,0.3555556403266058,0.933333502875434,1.0
8,,5,0.0058139534883716,0.0,0.0,0.5058139534883717,0.4418604651162789,0.2906976744186043,0.2383720930232558,0.3953488372093021,0.558139534883721,1.0,0.0434782608695654,0.0434782608695654,0.0,0.4728260869565215,0.4510869565217392,0.41304347826087,0.2717391304347831,0.4782608695652177,0.5380434782608701,1.0,0.0377358490566042,0.066037735849056,0.0,0.1886792452830192,0.6226415094339615,0.5,0.3962264150943397,0.4716981132075464,0.8113207547169807,1.0,0.0280373831775708,0.065420560747663,0.0,0.1495327102803738,0.7850467289719631,0.5700934579439245,0.3644859813084107,0.4485981308411215,0.8037383177570092,1.0
9,,5,0.0,0.3041958041958041,0.2657342657342658,0.1748251748251745,0.1433566433566433,0.2377622377622374,0.3356643356643354,0.6013986013986012,0.7762237762237763,1.0,0.0,0.2806451612903227,0.2677419354838712,0.245161290322581,0.1612903225806454,0.2838709677419357,0.3193548387096774,0.5935483870967744,0.7612903225806456,1.0,0.0,0.0943396226415096,0.3113207547169807,0.25,0.1981132075471698,0.2358490566037732,0.4056603773584903,0.5,0.8490566037735849,1.0,0.0,0.0761904761904759,0.4000000000000003,0.2904761904761903,0.1857142857142859,0.2285714285714286,0.4095238095238098,0.5095238095238095,0.8476190476190482,1.0
10,,5,0.0,0.1428566238512765,0.2857150642230834,0.2380949785923043,0.3809516024435844,0.5238100428153878,0.57142831192564,0.4761899571846122,0.6190465810358887,1.0,0.0,0.1499996185302734,0.3499984741210937,0.3499984741210937,0.4499988555908203,0.5,0.6499996185302734,0.5,0.5999984741210938,1.0,0.0,0.2105253647557674,0.3684198902570514,0.421052737249358,0.4736835765038449,0.4736835765038449,0.4736835765038449,0.4736835765038449,0.578947262750642,1.0,0.0,0.2142855196579844,0.4999986376058913,0.4285710393159689,0.2857131179479069,0.2857131179479069,0.2857131179479069,0.2857131179479069,0.4999986376058913,1.0
11,,5,0.0,0.1249998963397425,0.2934782218091782,0.4655796805992502,0.4655796805992502,0.510869538175585,0.6467391109045892,0.7826086836335935,0.9547101424236653,0.873188398786263,0.0,0.1172161484383984,0.2673992469256403,0.4597069446076598,0.5329670199150955,0.5604395481553843,0.6611721517031084,0.8534798493851281,1.0,0.981684981173141,0.0,0.0229166348775227,0.0812500317891438,0.2916666666666665,0.4791666666666665,0.5416666666666665,0.5729166666666665,0.6875,0.895833333333333,0.9791666666666664,0.0,0.0357142857142858,0.0696428843906948,0.3125,0.4464285714285714,0.482142857142857,0.4910714285714286,0.6517857142857142,0.767857142857143,1.0000000000000002
12,,3,0.0,0.4117662898354268,0.588233710164566,1.0,0.4705887632784709,0.8823505652468526,0.4705887632784709,0.529411236721522,0.6470606714746623,0.7058831449177134,0.0999984741210937,0.0,0.0999984741210937,1.0,0.4000015258789062,0.9000015258789062,0.7000045776367188,0.5,0.9000015258789062,0.5999984741210938,0.0,0.3124988079116519,0.812498807911652,0.812498807911652,0.812498807911652,0.437501192088348,0.437501192088348,0.562498807911652,0.8749976158233039,1.0,0.4000040690104143,0.0,0.6000010172526018,0.866668701171875,0.6000010172526018,0.2000020345052107,0.3333333333333357,0.2666676839192732,0.6000010172526018,1.0
13,,3,0.0,0.1818156597007885,0.1818156597007885,0.1818156597007885,0.4545460850748029,0.3636347873129963,0.3636347873129963,0.3636347873129963,0.6363617447755914,1.0,0.0,0.1111134658585157,0.0,0.1111134658585157,0.3333361590302246,0.4444453863434106,0.2222226931717017,0.3333361590302246,0.7777773068282983,1.0,0.0,0.1250029802350809,0.2500011920940324,0.2500011920940324,0.3749994039529838,0.6250005960470162,0.5000023841880648,0.2500011920940324,0.5000023841880648,1.0,0.0,0.1666645473850181,0.0,0.1666645473850181,0.3333354526149819,0.5,0.5,0.3333354526149819,0.5,1.0
14,,3,0.0909078298504084,0.8181843402992115,0.1818156597008027,0.45454608507481,0.45454608507481,1.0000000000000142,1.0000000000000142,0.2727304253740215,0.0,1.0000000000000142,1.0,0.7000007629394531,0.5,0.0,0.2999992370605469,0.2999992370605469,0.5,0.2999992370605469,0.9000015258789062,0.5,0.20001220703125,1.0,0.8000030517578125,1.0,0.8000030517578125,0.8000030517578125,0.0,0.8000030517578125,0.600006103515625,0.600006103515625,1.0,0.1200012207031235,0.4399993896484346,0.0799987792968721,0.1999999999999957,0.1999999999999957,0.1999999999999957,0.1200012207031235,0.039999389648436,0.0
15,,4,0.0,0.0571428571428587,0.3428571428571434,0.3142857142857149,0.1142857142857156,0.1428571428571441,0.4857142857142857,0.200000000000001,0.257142857142858,1.0,0.0,0.0857142857142854,0.3142857142857131,0.2857142857142847,0.1142857142857138,0.0857142857142854,0.5428571428571427,0.3428571428571434,0.1714285714285708,1.0,0.0,0.2000000000000028,0.2000000000000028,0.7000000000000028,0.0,0.1000000000000014,0.5,0.5,0.5,1.0,0.0666666666666664,0.0,0.2666666666666657,0.9333333333333336,0.5333333333333314,0.2666666666666657,0.1999999999999993,1.0,0.3999999999999986,0.7333333333333343
16,,3,0.2857150642230834,0.0,0.4285753211154173,0.5714301284461669,0.1428602568923338,0.4285753211154173,0.5714301284461669,1.0,0.8571451926692504,0.4285753211154173,1.0,0.0999984741210937,0.0,0.0499992370605468,0.1499996185302734,0.0,0.1499996185302734,0.5,0.3499984741210937,0.1499996185302734,0.4166664017573041,0.5000015894561827,0.0,0.6666656070292127,0.7500007947280913,0.5000015894561827,0.5833335982426995,0.8333328035146081,1.0,0.5000015894561827,1.0,0.2857150642230834,0.0,0.1428575321115417,0.2857150642230834,0.0714274036653748,0.0714274036653748,0.2857150642230834,0.7142849357769165,0.3571424678884582
17,,3,0.0,0.2105269498106707,0.0526307335857723,0.3157884169822154,0.5789461003786585,1.0,0.8421037837751015,0.6315768339644308,1.0,0.3157884169822154,0.0500030517578125,0.2000007629394531,0.0,0.1500015258789062,0.5,1.0,1.0,0.8000030517578125,0.9000015258789062,0.75,0.0,0.3809504779274135,0.1904734224398794,0.2380954110975039,0.3809504779274135,1.0,0.9047596557323984,0.8095229445124588,0.5714275334149548,0.5714275334149548,0.0,0.4117636499088988,0.1176454748633446,0.1176454748633446,0.2941181750455541,1.0,0.8823545251366554,0.7058818249544458,0.6470590875227771,1.0
18,,3,0.5081967213114762,0.0983606557377054,0.0,0.6557377049180335,0.2459016393442628,0.3114754098360652,0.6557377049180335,0.4918032786885238,1.0,0.4426229508196719,0.7101449275362324,1.0,0.0,0.4057971014492754,0.6666666666666661,0.1739130434782616,0.5072463768115938,0.608695652173914,0.8695652173913047,0.8840579710144922,0.9482758620689662,0.362068965517242,0.0,0.5172413793103452,0.7241379310344822,0.3275862068965516,0.6379310344827598,1.0000000000000018,1.0000000000000018,0.6034482758620694,0.506849315068493,0.506849315068493,0.0273972602739718,0.0,0.7397260273972606,0.2602739726027394,0.1369863013698626,0.5342465753424648,0.3835616438356162,1.0
19,,4,0.0123456790123466,0.0,0.2716049382716061,0.2098765432098766,0.5061728395061724,1.0,0.7777777777777786,0.7901234567901234,0.7037037037037042,0.6913580246913575,0.0681818181818174,0.0,0.2159090909090908,0.2045454545454541,0.4204545454545458,1.0000000000000009,0.8181818181818175,0.7954545454545459,0.6590909090909092,0.6931818181818175,0.0,0.0298507462686572,0.0597014925373127,0.3134328358208957,0.3880597014925371,0.656716417910447,0.9850746268656714,1.0,0.8955223880597014,0.8805970149253728,0.1410256410256405,0.0512820512820511,0.0,0.2948717948717938,0.2564102564102555,0.5641025641025639,1.0,0.897435897435896,0.8076923076923066,0.782051282051281
20,,4,0.0,0.4999976158119352,0.7499988079059676,1.0,0.4999976158119352,1.0,1.0,0.7499988079059676,0.7499988079059676,1.0,0.0,0.6666677263074945,0.5,0.8333354526149819,0.6666677263074945,1.0,0.8333354526149819,0.6666677263074945,0.8333354526149819,0.8333354526149819,0.0,0.5714301284461669,0.7142849357769165,1.0,0.5714301284461669,0.7142849357769165,0.8571424678884583,0.8571424678884583,0.8571424678884583,1.0,0.0,0.5714274036653748,0.5714274036653748,1.0,1.0,0.5714274036653748,0.7142849357769165,1.0,1.0,0.8571424678884583
21,,4,0.1071425408734434,0.1428569482298112,0.0,0.1071425408734434,0.3214283038159902,0.3214283038159902,0.4285708446894336,0.3928571185287257,0.7857135558617916,1.0,0.0,0.0689657440365785,0.0,0.0,0.3448274047707365,0.2758616607341579,0.4482753631195262,0.4482753631195262,1.0,0.8965507262390524,0.0,0.181818812346437,0.1363641092598264,0.1363641092598264,0.2727273515433044,0.4090914608031326,0.6363641092598264,0.5454547030866088,1.0,0.9545461638897416,0.0,0.2692312206744987,0.1538460974156876,0.076923415505874,0.1538460974156876,0.4615390258431233,0.4615390258431233,0.4615390258431233,1.0,0.7692312206744987
22,,5,0.5555561834899727,0.0,0.0,0.3703707889933127,0.1851853944966563,0.4074073027516718,0.7777780917449846,1.0,0.7777780917449846,0.9629634862416444,0.5714274036653748,0.6071438302788543,0.0,0.3214287660557708,0.3214287660557708,0.3214287660557708,0.6071438302788543,0.8571424678884583,0.8571424678884583,1.0,0.3913024729238898,0.0434776839765831,0.0,0.3043471049707271,0.2608694209941475,0.478261158011712,0.5217388419882916,0.7826082629824356,0.9565223160234204,1.0000000000000036,0.5,0.7666676839192696,0.0,0.1666666666666678,0.3000005086263009,0.3333333333333321,0.3333333333333321,0.5333328247070312,1.0,0.7666676839192696
23,,4,0.1428568833537369,0.1904770554875341,0.0,0.095238527743767,0.2857137667074774,0.3809522944512444,0.3809522944512444,0.4285724665850416,0.7142862332925191,1.0,0.2222231641231786,0.333334746184768,0.1666663134538097,0.0,0.2777778955153991,0.333334746184768,0.3888894775769884,0.4444442089692018,0.7222221044846009,1.0,0.0,0.2499988079059676,0.0,0.0624991059294757,0.1249982118589514,0.4374985098824595,0.5,0.3125002980235081,0.6250005960470162,1.0,0.0,0.4666671752929687,0.266665140787758,0.0666656494140625,0.0,0.266665140787758,0.3999989827473982,0.266665140787758,0.4666671752929687,1.0
24,,4,0.0,0.1538461538461533,0.1538461538461533,0.2307692307692299,0.4615384615384617,0.6461533766526433,1.0,0.984615619365986,0.6923076923076916,0.7692307692307683,0.0185182568791777,0.0,0.0,0.0925926972483281,0.3518511192616991,0.5370365137583555,0.9629634862416429,0.9629634862416429,1.0,0.6851853944966564,0.0862068511926832,0.0,0.0689657440365785,0.2068959166975794,0.2586205535780532,0.5172411071561047,0.775861660734158,1.0,0.7413794464219468,0.7068959166975795,0.0746268996631673,0.1641789515157441,0.0,0.1641789515157441,0.1940292558945628,0.4626865501684154,0.6417906538735689,0.8208958962948447,0.9999999999999982,0.7164175535367381
25,,4,0.0,0.0322575881749251,0.1935479901457704,0.5483876128104974,0.6774191960583096,0.9354848236501496,0.9677424118250748,1.0,1.0,0.903226004927113,0.0,0.0833341280614252,0.1388888005857662,0.4722221339191002,0.6944440029288366,0.9722216041003726,0.8888885356764042,1.0,0.9166669315760316,0.9444442678382003,0.0,0.0606062357526973,0.1515150113978407,0.303030022795685,0.696969977204315,0.8181812927419081,0.9696963041397524,0.9696963041397524,1.0,0.8484849886021557,0.0,0.0,0.0,0.1562499627471041,0.5625008195636703,0.6875000745057882,0.9687504842876252,0.9374997764826354,0.9687504842876252,1.0
26,,3,0.5,0.8333248563145332,0.6666624281572666,0.6666624281572666,0.8333248563145332,1.0,0.8333248563145332,0.5,0.6666624281572666,0.0,0.0,0.8000030517578125,0.0,0.8000030517578125,1.0,0.600006103515625,0.600006103515625,0.4000091552734375,0.600006103515625,0.600006103515625,0.0,0.8571444141689426,0.5714332425068136,1.0,0.8571444141689426,1.0,0.8571444141689426,0.4285667574931864,0.4285667574931864,0.4285667574931864,0.5,0.75,0.5,0.75,1.0,1.0,0.5,0.5,0.0,0.0
27,,5,0.0,0.0972218395749582,0.1527776306057529,0.2916665783634506,0.3194439440595591,0.5416660485441618,0.6111105224230116,0.6111105224230116,0.6111105224230116,1.0,0.0,0.0958909979452897,0.1095894133311592,0.2876719487137684,0.3013703640996379,0.6575343897427537,0.5890412676913037,0.5616444369195648,0.5890412676913037,1.0,0.0,0.1276593327035016,0.212766095597999,0.4042559062914961,0.4468084761005002,0.6808508566030014,0.8297880974874943,0.8510643823919963,0.8936169522010005,1.0,0.0,0.0222218831380196,0.1111111111111107,0.3111114501953125,0.4222225613064232,0.5999993218315964,0.8222215440538179,0.8444451226128464,1.0,0.9333326551649286
28,,4,0.0555555555555535,0.0,0.1111111111111107,0.1111111111111107,0.5,0.4444444444444428,0.7222222222222214,0.8333333333333321,1.0,0.7222222222222214,0.0952380952380949,0.1428571428571423,0.0,0.0476190476190474,0.3809523809523796,0.5714285714285694,0.523809523809522,1.0,0.8095238095238102,0.9047619047619052,0.0,0.1764705882352935,0.0588235294117645,0.117647058823529,0.235294117647058,0.411764705882355,0.529411764705884,1.0,0.764705882352942,0.882352941176471,0.0,0.3181818181818165,0.1363636363636367,0.2272727272727266,0.2272727272727266,0.6363636363636367,0.40909090909091,0.9545454545454533,0.7727272727272734,1.0
29,,4,0.0,0.0,0.0,0.0714288633697677,0.3214292039678312,0.3928567049453448,0.6785721584244193,0.8214285227717042,0.7857147722829474,1.0,0.1999999999999993,0.0800003051757833,0.0800003051757833,0.0,0.4000000000000021,0.6800003051757812,0.9199996948242202,0.9199996948242202,0.9199996948242202,1.0,0.0,0.0,0.0416675938494393,0.0416675938494393,0.1249996026359525,0.3750003973640474,0.4583339956067433,0.8333328035146046,0.916666401757304,1.0,0.1666658719373117,0.0,0.0,0.0416660706196481,0.1666658719373117,0.4166670640313441,0.3749994039529838,0.7083343267450246,0.9166678587606968,1.0
30,,3,0.1111177044038527,1.0,0.4444453863434177,0.1111177044038527,0.0,0.1111177044038527,0.1111177044038527,0.0,0.1111177044038527,0.8888907726868212,0.5384637956735503,0.7692289634611456,0.7692289634611456,0.2307710365388402,0.3846144817305799,0.0,0.0769275913471148,0.2307710365388402,0.0769275913471148,1.0,0.3076886961318905,1.0,0.615383261049459,0.3846167389505552,0.3076886961318905,0.2307665220989179,0.3846167389505552,0.0,0.3076886961318905,0.3846167389505552,0.2307710365388544,0.8461506860570296,1.0,0.5384637956735645,0.1538493139429846,0.0769217225958698,0.3846144817305799,0.0,0.0769217225958698,0.1538493139429846
31,,4,0.0,0.6363652126870036,0.3636347873129963,0.0454539149251971,0.2272730425373978,0.3181808723877992,0.4090921701496057,0.6363652126870036,1.0,0.7272730425373979,0.1249982118589514,0.3125002980235081,0.3125002980235081,0.0624991059294757,0.1249982118589514,0.0,0.0,0.3125002980235081,1.0,1.0,0.0666656494140625,0.26666259765625,0.5333302815755232,0.0,0.0,0.133331298828125,0.0666656494140625,0.1999969482421875,0.7999979654947964,1.0,0.4210538996213415,0.1578962162248984,0.6842115830177846,0.3157884169822154,0.1052614671715446,0.3157884169822154,0.0,0.0526307335857723,0.7368423166035569,1.0
32,,4,0.0,0.0555567329292578,0.0555567329292578,0.1666680795151123,0.1111113465858544,0.444445386343407,0.2777773068282982,0.6666659602424474,0.6666659602424474,1.0,0.0,0.2222226931717053,0.1666680795151123,0.2222226931717053,0.1666680795151123,0.5,0.3888886534141491,0.8333319204848912,0.6666659602424474,1.0,0.0,0.3333326269076124,0.3888873582998293,0.4444442089692053,0.4999989403614222,0.3888873582998293,0.6111105224230116,0.6111105224230116,0.8888884179384071,1.0,0.0,0.5882350301248742,0.4117649698751222,0.4117649698751222,0.4705875753121873,0.4705875753121873,0.6470576355619357,0.5882350301248742,1.0,1.0
33,,3,0.8000030517578125,0.6000022888183594,0.2000007629394531,0.4000015258789062,0.2000007629394531,0.6000022888183594,1.0,0.6000022888183594,0.4000015258789062,0.0,1.0,0.2500011920940324,0.0,0.0,0.0,0.4999976158119352,0.4999976158119352,0.7499988079059676,0.2500011920940324,0.0,0.4999952316011331,0.4999952316011331,0.0,0.0,1.0,1.0,1.0,1.0,0.0,0.0,0.6666666666666714,1.0,0.6666666666666714,0.0,0.3333333333333428,0.0,0.0,0.6666666666666714,0.3333333333333428,0.6666666666666714
34,,3,0.0769217225958698,0.5384637956735503,0.8461506860570154,0.8461506860570154,1.0,1.0,0.5384637956735503,0.0,0.5384637956735503,0.30769275913471,0.0,0.5555593231833456,0.4444406768166686,0.5555593231833456,1.0,1.0,0.7777796615916799,0.7777796615916799,0.5555593231833456,0.4444406768166686,0.071432853226959,0.5000027247807921,0.2142876605577086,0.5714301284461669,0.6428575321115417,1.0,0.7142849357769165,0.0,0.2142876605577086,0.0,0.2222226931717017,0.7777773068282983,0.1666680795151123,0.8333319204848877,0.7222226931717017,1.0,0.5555546136565894,0.0,0.1666680795151123,0.5
35,,3,0.2352949096253738,1.0,0.5294124246878127,0.2941175150624389,0.0,0.3529423644380607,0.2941175150624389,0.1764700602497519,0.2941175150624389,0.2352949096253738,0.0526308392544869,1.0,0.6842109489974355,0.3157890510025645,0.3157890510025645,0.1578945255012804,0.2105253647557674,0.2631582117480775,0.1578945255012804,0.0,0.6666687859415816,0.8333328035146081,1.0,1.0,0.583333598242703,0.5000015894561827,0.0,0.7500007947280949,0.7500007947280949,0.7500007947280949,0.0624991059294757,0.1249982118589514,1.0,0.3749994039529838,0.5624991059294757,0.0,0.3749994039529838,0.5,0.3749994039529838,0.1874997019764919
36,,2,0.8888865341414842,1.0,0.7777773068282983,0.6666638409697825,0.4444432670707456,0.8888865341414842,0.6666638409697825,0.5555546136565965,0.5555546136565965,0.0,0.8333301544310743,1.0,0.5000031789022614,0.3333333333333357,0.1666698455689328,0.6666666666666714,0.3333333333333357,0.1666698455689328,0.0,0.3333333333333357,0.7777773068282983,1.0,0.6666638409697825,0.6666638409697825,0.3333319204848948,0.3333319204848948,0.6666638409697825,0.3333319204848948,0.4444432670707456,0.0,0.4999988079088098,1.0,0.4999988079088098,0.4999988079088098,0.0,0.0,0.4999988079088098,0.0,0.0,0.1250002980227975
37,,1,0.5396825204600884,0.4603174795399116,0.476190245521062,1.0,0.5238097544789362,0.7936504092017707,0.857142684140797,0.4444447135587595,0.476190245521062,0.0,1.0,0.0535719881253893,0.7142859089131797,0.6964290336687995,0.5178575564405072,0.1428577267395354,0.4464286930707359,0.1785714772282958,0.0,0.2321434653536833,0.8974355463133428,0.8205136732390272,0.9230761706714468,0.948718751283792,1.0,0.743589843910474,1.0,0.8717949219552352,0.71794921955237,0.0,0.4857134137834826,0.0,0.3428562709263403,0.1428571428571423,1.0,0.0571419852120556,0.6571415492466528,0.571428571428573,0.3142852783203125,0.3428562709263403
38,,2,0.3684210526315787,0.8947368421052619,0.7894736842105257,0.6842105263157894,0.3157894736842088,0.5263157894736832,0.9999999999999982,0.3157894736842088,0.6842105263157894,0.0,0.0909090909090934,0.7272727272727302,0.5454545454545467,0.7272727272727302,0.0909090909090934,0.0,1.0,0.5454545454545467,0.3636363636363668,0.5454545454545467,0.466666666666665,0.8666666666666671,0.8666666666666671,1.0,0.5333333333333314,0.0,0.3333333333333321,0.466666666666665,0.5999999999999979,0.0666666666666664,0.3571428571428576,0.7142857142857153,1.0,0.7857142857142847,0.7142857142857153,0.1428571428571423,0.0,0.8571428571428577,0.2857142857142847,0.7857142857142847
39,,1,0.8059702299835823,0.8507465278420283,0.8656719604615097,0.8656719604615097,0.8656719604615097,0.8507465278420283,0.9999999999999996,0.6716419057661436,0.4179106899507476,0.0,0.8055558425409282,0.8055558425409282,0.8055558425409282,0.8472224098665042,0.8055558425409282,0.8333334657881202,0.9999999999999996,0.7083334989018177,0.6111111552627064,0.0,0.8983053367941478,0.9152542318088228,0.8983053367941478,0.932203450102948,0.9491526683970736,0.9661018866911988,1.0,0.7118645821176672,0.4406780592500103,0.0,0.9180327920111492,0.9508198002787234,0.8852457837435752,1.0000000000000009,0.9508198002787234,0.9672129917324268,0.9672129917324268,0.8032785757547245,0.7213113677658729,0.0
40,,1,0.9642857142857136,0.9464285714285712,1.0,0.8928571428571423,0.7857142857142847,0.9285714285714288,0.8214285714285712,0.4107142857142856,0.3928571428571423,0.0,1.0,0.8461538461538467,0.8717948717948723,0.8717948717948723,0.6923076923076916,0.6410256410256405,0.5641025641025639,0.4358974358974361,0.0769230769230766,0.0,0.9344262295081966,1.0,0.967213114754098,0.9508196721311472,0.8524590163934427,0.7868852459016393,0.8196721311475406,0.4426229508196719,0.4754098360655732,0.0,1.0,0.8648648648648649,0.8648648648648649,0.891891891891893,0.7567567567567579,0.5405405405405403,0.6756756756756754,0.513513513513514,0.0,0.027027027027028
41,,1,0.7027027027027031,0.689189189189189,0.7432432432432434,0.8513513513513513,0.945945945945946,1.0000000000000004,0.7432432432432434,0.7297297297297294,0.2837837837837837,0.0,0.6271186440677967,0.5423728813559325,0.593220338983051,0.796610169491526,0.9322033898305088,1.0,0.898305084745763,0.593220338983051,0.5762711864406782,0.0,0.7260273972602738,0.6575342465753424,0.7260273972602738,0.7945205479452051,0.8630136986301373,1.0,0.6849315068493151,0.7123287671232879,0.3287671232876716,0.0,0.6666666666666661,0.6666666666666661,0.6666666666666661,0.6999999999999993,0.833333333333333,0.9499999999999992,1.0,0.6166666666666663,0.6666666666666661,0.0
42,,2,0.0,0.0,0.4062496647239513,0.3437494412065867,1.0,0.8906243108214582,0.5781243853272464,0.2499997019768471,0.5156241618098818,0.1718747206032933,0.6349210962600207,0.0,0.5873015296341642,0.444444040772483,1.0,0.8253969407316717,0.8253969407316717,0.5714287444308415,0.7301590184958453,0.5238091778049849,0.0,0.0612250935379048,0.4285709837089122,0.6734698008417244,0.6122447073038195,0.9387749064620952,1.0,0.5102039227531829,0.6734698008417244,0.4693882317404512,0.5636360862038341,0.0,0.0727275501598008,0.4363639137961641,0.4727269952947441,1.0,0.8000002774325274,0.5090914639559649,0.4000008322975841,0.4727269952947441
43,,2,0.6507930933425694,0.3968252046008853,0.2380951227605301,0.0,0.714285368281594,0.365079672638581,0.365079672638581,0.1904756138026577,1.0,0.968253257023278,0.3203885508747142,0.3300971377186776,0.0485436749375196,0.0,0.281553462781158,0.436893074437684,0.2330097878436365,0.1359224379685972,0.7572816253123982,1.0,0.2153848501352175,0.3230766883263225,0.153846153846155,0.0,0.0615386962890625,0.3230766883263225,0.3692310039813709,0.2000004695012034,0.76923076923077,1.0,0.2058824849375629,0.4411762725936565,0.0,0.1176474548126869,0.0441180760470771,0.7941175150624371,0.2352949096253738,0.2058824849375629,1.0,0.911764969875124
44,,2,0.3947365250946646,0.2105269498106707,0.0,0.052632741319563,0.0789481081124492,0.8684211583017785,0.8421057915088923,0.5,0.4736846332071138,1.0,0.862068511926843,0.7931040833024241,0.0,0.2413781310097924,0.482758892843897,0.9310329405512654,0.6896548095414765,1.0,0.482758892843897,0.9655177856877906,0.8125002980235081,0.656250149011754,0.0,0.2187492549412297,0.3437498509882459,0.2499988079059676,1.0,1.0,0.9062513411057864,0.5624991059294757,0.8684211583017785,0.9473672586804368,0.5,0.0,0.0789481081124492,0.3684211583017784,0.6315788416982215,1.0,0.7631576833964431,0.5263153667928862
45,,2,0.0,0.3571429544565916,1.0,0.8214285227717077,0.7857134098906968,0.6785707960321687,0.9642848871189926,0.6428570455434119,0.607141932662401,0.5714281821736442,0.0,0.2325581807971648,1.0,0.6046509152170074,0.7674418192028334,0.4418600112311797,0.5348836384056685,0.4651163615943297,0.558139101629763,0.6976745423914963,0.0,0.4838712059125392,0.6129040197084592,0.9354848236501496,1.0,0.7419356029562678,0.7419356029562678,0.8387095980291548,0.8064520098542296,0.8064520098542296,0.0,0.2820510563294185,0.3846156103372493,1.0,0.923077073558165,0.8205125195503342,0.5897437402248329,0.8461541471163319,0.8205125195503342,0.7179489436705815
46,,1,0.842105633003964,1.0,0.894737423291943,0.6578948689299864,0.5657899888269498,0.5789476854319684,0.7105266592179653,0.5263158951439895,0.2236838538890335,0.0,0.95774603996729,0.929577449654044,1.0,0.7887323489621334,0.5633804027676437,0.7323940937728004,0.9014088593407976,0.5774646979242668,0.40845100691911,0.0,0.8615382267878609,1.0,0.9384613037109376,0.7692307692307683,0.615384615384615,0.5538459190955525,0.73846200796274,0.5846158541165867,0.26153799203726,0.0,0.7971012730028946,0.8115938022793081,1.0,0.7826087437264828,0.4927537353617932,0.6086950752822045,0.5942025460057909,0.5942025460057909,0.3913038190086872,0.0
47,,1,1.0,0.8415842855599713,0.5643562187506372,0.3168314288800591,0.3267322693977394,0.4059405043106086,0.0792074795271595,0.0,0.0891090754305512,0.0495049579741166,1.0000000000000009,0.7443612731800302,0.5488720251804526,0.4135339769179191,0.2932332983604828,0.2932332983604828,0.2631579853114028,0.0,0.1127819937048872,0.0902253655083562,1.0,0.7115385038612807,0.5769229922774404,0.3461543822428812,0.3557696187284005,0.1634619546359204,0.1442307480693614,0.0,0.0673081225896812,0.0961538320462409,0.9803924501882672,1.0,0.7254905627353327,0.6078430199246938,0.3823532051694407,0.3137252848682141,0.4313728276788531,0.0,0.0,0.1470588675282407
48,,1,0.9615398387472176,1.0,0.8076932258314784,0.5384631452050854,0.6153834677106502,0.8461533870842608,0.461536854794911,0.2692300806263894,0.1538466129157392,0.0,1.0,0.7599998834707904,0.6400029157185401,0.5200015044141608,0.3199998990929273,0.6800014220282051,0.5200000450515496,0.080002047993986,0.2400020284412782,0.0,1.0,0.9999991133687232,0.9166683239539032,0.6249998341815441,0.3333330314823506,0.7083343551925516,0.6249983344333465,0.3750004502844675,0.2916679350875277,0.0,1.0,0.7307695650509416,0.5769239030460938,0.5769236575422525,0.2692285157127649,0.3461544266094236,0.5769222543081156,0.1153860457488527,0.2692293409835535,0.0
49,,1,1.0,0.6857135890533037,0.6285717135691051,0.7142861892818395,0.3714282864308984,0.2000004433297171,0.1142848592926917,0.2285719352339619,0.0,0.0857144757127379,1.0,0.750000593486746,0.5750002636580582,0.5750006164295858,0.4749996432127812,0.1750002641331409,0.1749998929230614,0.1500000940375123,0.0749995600542003,0.0,0.9999999999999982,0.7368419205049879,0.6052629943263685,0.4736843260338776,0.4473684533778996,0.2105260761635161,0.2105256905075396,0.0789474941049199,0.1052632611685115,0.0,1.0,0.8095239339420832,0.5476186668019309,0.4285713529580928,0.5238094047043518,0.2142859665021887,0.142857209702198,0.0952387320846543,0.166666551164603,0.0
50,,1,0.9285686577668422,1.0,0.7857115149096998,0.7857115149096998,0.3928557574548499,0.4642843288834193,0.3928557574548499,0.3928557574548499,0.2142857142857117,0.0,0.9523765329692608,1.0,0.9523768568322808,0.7619043870728959,0.5238101788839344,0.3333320952338354,0.3333340760339638,0.4761884283993325,0.2380955618197759,0.0,0.8181829509890903,1.0,0.9090909686186706,0.8181832566414826,0.4545454842947478,0.4999974567610863,0.4999993402979257,0.4999993402979257,0.2727278746587842,0.0,0.6190491922962522,0.8571463154585715,1.0,0.7142862264206258,0.4761908216057691,0.2380934314749083,0.3333357512941219,0.2380954047052768,0.2857151152081769,0.0
51,,1,0.964915303867652,0.95951767441505,0.9541202543433184,0.9433249954381142,0.9487224155098462,0.9271321070803084,0.9082402993057666,0.8947463303646965,0.8866499908762284,0.8866499908762284,0.9641277224687486,0.9586089270086366,0.955849695417852,0.9530903644812524,0.9503306857525452,0.9420526771419367,0.9227367858223297,0.9061805550212056,0.8979024686351067,0.8951429083719151,0.9561694038377682,0.9589086762741932,0.9561694257430506,0.9534298683199872,0.9397327081436306,0.9424723238070554,0.920556948495951,0.9095993486950684,0.9013812111824268,0.9013812111824268,0.9512898733809576,0.959408199086657,0.9485838240024662,0.9485838424210736,0.9539958685587682,0.937759275689406,0.9215226212872312,0.907992136074604,0.897167609008058,0.894461537958193
52,,1,1.0,0.6999999999999993,0.4000000000000003,0.4666666666666668,0.6333333333333329,0.4000000000000003,0.4333333333333335,0.9333333333333336,0.4000000000000003,0.0,1.0,0.9310344827586192,0.4827586206896548,0.275862068965516,0.344827586206895,0.275862068965516,0.4137931034482758,0.6551724137931032,0.4137931034482758,0.0,0.9999999999999982,0.7599999999999998,0.4399999999999995,0.3600000000000012,0.7599999999999998,0.4399999999999995,0.5200000000000014,0.7200000000000006,0.4399999999999995,0.0,1.0,0.7931034482758612,0.3103448275862064,0.206896551724137,0.3793103448275854,0.3103448275862064,0.3448275862068968,0.3793103448275854,0.4482758620689662,0.0
53,,4,0.0,0.10526361410275697,0.15789325416603361,0.05263180705137671,0.2105272282055175,0.31578867532017085,0.4210522894229314,0.8421067458339628,0.8421067458339628,1.0,0.0,0.14285886345122734,0.0952390638256091,6.918657149412866e-07,0.1428583161328234,0.19047625117151767,0.2857146670850774,0.6666683307393235,0.7619053741021276,1.0,0.0,0.1500017071494888,0.19999979760087783,0.15000098860854294,0.15000114025250255,0.2999987899115091,0.39999907807133184,0.5500010782399656,0.8499996196330564,1.0,0.058821266715163745,0.0,0.11764436343734985,0.11764508342193025,0.11764526280718357,0.3529387689681194,0.35293810585688945,0.5294114071541003,0.9999998793031146,1.0
54,,5,0.0,0.18181920263206663,0.09090772982391115,0.36363653377200933,0.36363653377200933,0.545455736404076,0.545455736404076,1.0,0.9090922701760888,0.7272730675440222,0.0,9.733771122455437e-07,0.11110939774967932,0.22222206513703213,0.4444444687005884,0.6666678540925162,0.6666678540925162,0.9999993173642281,1.0,0.8888889374571605,0.0,0.36842112063669674,0.5789467424702863,0.5789469055992882,0.6842101037271,0.7368426919850499,0.7894737624878907,0.8421054117218993,1.0,0.8947363412236733,0.0,0.3529414231010328,0.5294115995242166,0.5294117824385438,0.7058816446959391,0.7058821595204456,0.7058821595204456,0.8823526701118247,1.0,0.9999994823863148
55,,5,0.0,0.07142888652635548,0.4999992647718372,0.5714296217545183,0.6428570378245482,0.7142859243509037,1.0,0.8571436974036146,0.7857133404209335,0.9285711134736445,0.0,0.06666700546548654,0.46666629340475296,0.6000007152586377,0.600000304335726,0.666667309801209,1.0,0.9333347500706246,0.8666663657999436,0.9333343385163637,0.0,0.07692339899456613,0.2307684060900712,0.6153856602589229,0.6923074861500602,0.6923070520003556,0.9230768029439886,1.0,0.9999988555746526,0.9999995296670718,0.0,1.0301349426811157e-06,0.07142777088219177,0.49999990306390174,0.6428564931181704,0.6428560873531346,0.7142851057279564,1.0,0.8571419050306837,0.7857133006118922
56,,4,0.07142778980608,0.07142778980608,0.0,0.0,0.07142778980608,0.28571428571428825,0.21428493266322235,0.3571420755203647,0.6428579244796353,0.7857135040917953,0.0,0.07692264841793062,4.798017414486822e-07,4.798017414486822e-07,0.0,0.3076925278732787,0.30769294106002576,0.38461469651870317,0.6923084342966206,0.9230754098003615,0.0,0.0909105724595527,0.09091113735872014,0.09091113735872014,0.0909105724595527,0.18181960925219443,0.3636374257385455,0.27272771516626904,0.6363660624895537,0.9999996135864038,0.0,0.08333300533831434,0.08333352512438097,5.178246240689077e-07,0.0,0.08333334660904868,0.4166675696997295,0.33333359827124553,0.5000012431564862,1.0
57,,5,0.2307696860997197,0.384618116598304,0.384618116598304,0.6923031390028385,0.0,0.769236233196601,0.0,0.769236233196601,1.0,0.6923031390028385,0.111115448781689,1.0,0.6666707588382934,0.8888862950392138,0.0,0.3333367995571166,0.2222194826467927,7.541463190818831e-06,0.44444360228511925,0.7777765538837542,0.1999966886645268,0.8000051943967179,0.8000051943967179,0.3999974743928334,0.2999984237226698,0.30000510869228947,0.09999249525395726,0.0,0.8000059177225296,1.0,0.0,0.4615413767437886,1.0,0.15384554904306214,0.7692260386630139,0.07692894921423488,0.6153824024554311,0.07692894921423488,0.8461569164859455,0.7692259617019204
58,,4,0.04761779088136109,0.04761779088136109,0.0,0.190474933738507,0.4285714285714306,0.6666679234043471,0.7619035051670764,1.0,0.9047606480242223,1.0,0.026315141449948953,0.026315141449948953,0.0,0.07894522161289785,0.5526316018414441,0.31578956203081887,1.0,0.5000017343729155,0.6052618873951445,0.6315808539439232,0.0,0.0,0.08000213425845715,0.19999855249282206,0.520000455709841,0.3600012329951383,0.7200004737156789,0.6800022925987577,0.8799996935584389,1.0,0.0,0.16128981005572385,0.1290326819359784,0.258063748423524,0.48386943664235815,0.548387774729779,0.9999990563260219,0.645160433327586,0.8709657773320103,1.0
59,,5,0.305554597086406,0.6666655165036879,0.16666551650368788,0.22222183883456026,0.5833327582518422,1.0,0.6388890805827181,0.75,0.4166672417481543,0.0,1.0,0.46808466249285097,0.25531867562680155,0.0,0.4680851255868781,0.7872346014382323,0.5106389318649907,0.36170251537598297,0.3829796357677324,0.06383015876777343,0.5999992579680828,0.4285704748268344,0.428570558791332,0.0,0.4857139086432234,1.0,0.6285717816929335,0.6000001396559789,0.7142865001317666,0.2285718196301687,0.7307674325452531,0.19230626892092673,0.7307671934776678,0.0,0.5384604615848545,0.8076915494869503,0.8846149092327984,0.5384612064471987,1.0,0.26923102784239106
60,,5,0.0,0.12345703811088349,0.3209875152060899,0.3580244796614416,0.30864186038763997,0.6666663400490807,0.5185179923012972,0.9259260710892976,0.8888886167075674,1.0,0.0,0.18750022864096305,0.3875002719357008,0.437500000387506,0.4374998152724494,0.7499998221857327,0.7749998248295302,0.9625000641049146,0.9500002193540311,1.0,0.0,0.09722256779424931,0.36111137665369153,0.180555441964513,0.4305556279522227,0.5000000888403608,0.6666662059047441,0.9305555305944102,0.8888889375711022,1.0000000000000009,0.0,0.13953515367170422,0.30232577653448356,0.30232579150329997,0.5232555330163384,0.4186046879130574,0.7790694487152319,0.7790696765148217,1.0,0.9651159962315798
61,,4,0.3333333333333286,0.6666666666666714,1.0,0.6666666666666714,1.0,1.0,0.6666666666666714,0.3333333333333286,0.0,0.3333333333333286,0.0,0.4999990626448465,0.9999981253545087,1.0,0.9999981253545087,0.49999719574584844,0.4999990626448465,0.5000009451665051,1.8904642615780176e-06,0.0,0.0,0.6666633079876902,0.999997521118928,0.6666633079876902,0.999997521118928,0.999997521118928,0.9999987553950973,1.0,0.3333366971762217,0.333335452614989,0.0,0.6666654021987029,0.9999993751169711,1.0,0.6666647824800123,0.6666647824800123,0.6666654021987029,0.499998725598914,0.49999935312921906,0.3333314240944887
62,,5,0.8333316845885221,0.0,0.16666501792185784,1.0,0.4166674910390711,0.9166658422942646,0.5833325089609289,0.08333415770574248,0.0,0.6666699641562914,0.44444171245407205,0.6111098881742052,0.2777784476954892,1.0,0.7222203957786064,0.6666661710201112,0.6111118830342548,0.611111433808496,0.0,0.5555566747367919,0.12500647094002204,0.2500030344808408,0.37500165163322663,1.0,0.9999956321309043,0.9999966310702462,0.250007422233935,0.3750031882670015,0.0,0.2500062512542627,0.0,0.9999999999999929,0.24999729117893565,0.43750192546367117,0.8749983055534472,0.6875014670532735,0.4999997868508004,0.9375026245197802,0.24999635419951716,0.12499974161936933
63,,4,0.0,0.5818182738957365,0.5636361137115706,0.45454532300608896,0.6181811473310592,0.8363634522085253,0.6181811473310592,0.9818178398158341,0.799999855306698,1.0,0.0,0.6363635517915398,0.7454542800116215,0.6909088181588707,0.6909086566450817,0.8000002995760802,0.799999995832982,1.0,0.8909095943607674,0.9454545974889914,0.0,0.20000026964909523,0.7272727362592928,0.5999997175103324,0.7090908998444228,0.8181818427114447,0.6727271202473322,1.0,0.8909095895001222,0.8363639522657973,0.0,0.20000007815895415,0.773913012538145,0.7565218445481143,0.7391299907617999,0.7913040515126912,0.8608692400903308,0.9652170299463378,1.0,0.9304348812028351
64,,4,0.1428567127760214,0.0,0.0952378085173482,0.1904756170346964,0.1428567127760214,0.4285716436119884,0.6190472606466848,1.0,0.7619047260646674,0.7142858218059942,0.11111091616830393,0.11111146268864047,0.0,0.05555519061683434,0.33333310622689716,0.38888935272589364,0.7222219224351818,1.0,0.9444444663248444,0.7777780004791399,0.0,0.15789519113549133,0.15789485378849655,0.15789452260309034,0.21052624991492408,0.42105314444502007,0.736841859572511,0.9999999859005584,1.0,0.8947370408518527,0.0,0.1904765977048548,0.1428572536227506,0.14285695119141906,0.3809522712358273,0.33333382320562954,0.5714283931649415,0.9047619168728449,1.0,0.7619049774846953
65,,5,0.6666631632604805,1.0,0.6666631632604805,0.6666631632604805,0.33333158163023313,0.6666631632604805,0.33333158163023313,0.33333158163023313,0.33333158163023313,0.0,0.3333308348938857,1.0,0.6666638979491069,0.999996961004328,0.33333307200366846,0.3333308348938857,0.0,0.0,0.33333307200366846,2.2461303927912013e-06,0.75,0.7500022521146974,1.0,1.0,0.5000016644110374,0.0,0.5000016644110374,1.6509883664639347e-06,0.5000016644110374,0.2500033287679315,0.3333333333333286,0.6666696815457698,0.6666666666666714,1.0,0.6666689037782731,0.0,0.333335561496483,2.219214721321805e-06,2.219214721321805e-06,0.3333378076286948
66,,4,0.03225796494549371,0.19354778967296404,0.0,0.645161356703003,0.9677420350545045,0.7419352515394859,0.7419352515394859,1.0,0.645161356703003,0.8064511814304751,0.0,0.1612897866275116,0.12903235287213022,0.5806452029591131,1.0,0.838709381523941,0.9032255037646859,0.8709676484235835,0.9354838847940048,0.7741930517985764,0.11111099607071573,0.14814745013692665,0.0,0.1851851710029866,1.0,0.6666663181775832,0.8518515038355705,0.9259258079436297,0.8518518572405291,0.9259253444443161,0.0,0.06249949733350135,0.18750008515490713,0.03125008114244565,0.8125000073974622,0.8749997039085979,0.687499724639185,0.6874999196541847,1.0,0.6562495303976768
67,,4,0.0,0.08333388357502258,0.374999834927495,0.16666644656999274,0.20833338835750226,0.5000006602900271,0.4166667767150045,0.4166667767150045,1.0,0.6250001650725068,0.0,0.06250042475238615,0.1249999198056031,0.1562498230486309,0.12500005263072822,0.09375057404741582,0.6562500000231797,0.09375014495686251,0.5000000727033793,1.0,0.17647025117696913,0.17647105585018252,0.4705877635702649,0.29411704625761814,0.4117644878511477,0.35294190821596416,0.0,0.5294116829390667,0.8823528636720646,1.0,0.17857096922691795,0.0,0.10714233286296881,0.39285657059644485,0.10714248153787942,0.14285735205236705,0.3214283340326993,0.2142854549505735,0.3214283697166973,1.0
68,,5,0.264704631530698,0.0,0.1764697543537963,0.44117556721661444,0.1470581286281636,1.0,0.764704631530698,0.8529406900397163,0.7352930058050653,0.7941162572563307,0.0,0.09090919154300181,0.030303833055270957,0.3636364180333125,0.30303004483630147,0.8181828848809971,1.0,0.6363645227615287,0.7878793657251073,0.8181826395721856,0.0,0.06666723699175492,0.09999979716430474,0.4999994867001476,0.23333316709514307,0.5333333870446175,0.733333382750871,0.8333330075573677,0.8999995564970682,1.0,0.0,0.2558147337826071,0.2558145615900358,0.30232527219254557,0.4186042720968235,0.3488378443990783,1.0,0.6976754512891681,0.7674415952211753,0.8604657451551745
69,,4,1.0,0.6956543602050225,0.8695649158337879,0.9130455891634703,0.391303518542923,0.6521736868753436,0.13043508416620853,0.391303518542923,0.21739122895844787,0.0,0.857140254798157,0.8571416683605761,1.0,0.8571412471564059,0.7619044803280737,0.7619054780587717,0.6190469949984383,0.28571278250351995,0.2857127840762139,0.0,0.7272725373422269,0.8181815528992402,0.9545464706071414,1.0,0.590908241202083,0.5454553309122758,0.2727287361777613,0.2727278683503158,0.3636355569624179,0.0,0.44999967602982593,0.9999999999999964,0.7500000768445112,0.9500003551923761,0.9000008974639933,0.25000085204133526,0.5000006221851621,0.0,0.2999990292359449,0.10000075230046335
70,,4,0.0,0.18015662227321827,0.3785899915005162,0.5979111589697301,0.8302871748376099,1.0,0.7911226296416141,0.9477806064053387,0.8433420232362754,0.8955612128106769,0.0,0.1506171876796938,0.3382714750963345,0.5456789164812452,0.7654320549791134,1.0,0.8888887878306346,0.8765431360580349,0.851851826951691,0.851851704728718,0.0,0.00917410365935778,0.29663600649219646,0.5718654345166603,0.6788991191063212,0.8470949304528346,0.9327218451184369,0.8899083630398756,0.984709622867181,1.0,0.0,0.0028488931023604724,0.33333320800113886,0.5242165389537863,0.8005697641386773,0.8290598390006216,0.985754897913522,0.8119657872863504,1.0000000000000002,0.9572648147362812
71,,2,0.0,0.09051748398442028,0.15517271039044855,0.24137967893181944,0.5431037347946566,0.5991379303145865,0.6853448988559574,0.8146550176360527,0.8448277906574937,1.0,0.0,0.19047628016431162,0.14682561063911193,0.2500002187439958,0.5000002698138961,0.6230159915844613,0.8452382085744303,0.8769841556040938,0.9404763099114577,1.0,0.0,0.20161288214403061,0.23790332008110315,0.2540324849592923,0.49596791578164545,0.584677392772726,0.6774195192085566,0.7903223681889737,0.8669354754550893,1.0,0.0,0.23628689158814664,0.2531646566639898,0.3797470411575654,0.46413519641123946,0.8016879282685037,0.784810304080739,0.793249119375727,0.9957807674362065,1.0
72,,3,0.0,0.0,0.053333476259131984,0.053333476259131984,0.24000064316609304,0.21333390503652616,0.053333476259131984,1.0,0.8133349769800144,0.7200008575547905,0.05882377185981191,0.0,0.014705558706262778,0.04411688336085717,0.30882349778411644,0.22058788682887887,0.1911757505740468,0.999998950667834,1.0,0.9264704338608709,0.03571386033290658,0.017856992286176876,0.035713735741015995,0.035713735741015995,0.12499967821412028,0.17857103384861617,0.0,0.44642786308084936,0.8035718744168054,1.0,0.0810809144675968,0.0,0.027026533136710995,0.06756750547030599,0.13513528906830174,0.27027002032519043,0.25675596036107073,0.2972964441017325,1.0000000000000018,0.7702704460612928
73,,4,0.7857174385628056,0.5,0.6428587192813993,0.28571192107789756,0.5714293596407032,1.0,0.0,0.7857174385628056,0.8571467982035088,0.7857174385628056,0.7500012659915569,0.2499922215789212,0.0,0.1249933717744085,1.0,0.49999288119502694,0.8750051438890125,0.37499415492949595,0.3749972275533793,0.875000457403246,1.0,0.4285668434147851,0.6428585442677957,0.3571394466510185,0.7142843909749033,0.42856812633150554,0.0,0.28571320918562293,0.7857135234522303,0.7857117829253895,0.9999971326306536,0.9230734918286814,0.3846177249912728,0.6923019771596586,0.4615378019670544,0.5384592597037141,1.0,0.0,0.6923053298716155,0.9230751791619696
74,,4,0.5283016058768002,0.18867935764927957,0.3018872700094395,0.6792459853079986,1.0,0.9622635329289615,0.5283016058768002,0.5849063064833597,0.0,0.13207614589567918,0.27692316482645474,0.33846131198478524,0.1846145781456645,0.3846153990407739,1.0,0.8615372256404026,0.4461536731472737,0.35384654823007367,0.07692315845779518,0.0,0.2857139303760512,0.2244896526220561,0.20408103645518416,0.40816308454227546,1.0,0.999998689628395,0.4081625517722447,0.5918366799327881,0.0,0.061224973846856656,0.3787879595611017,0.5000001426221026,0.16666631655013475,0.3333333010337043,0.7727280174417999,1.0,0.6060609322781687,0.4393946281464416,0.24242437040545717,0.0
75,,2,0.49999841054381733,0.3333343929707908,1.0,0.6666656070292092,0.0,0.833332803514601,0.16666719648539186,0.0,0.16666719648539186,0.0,0.3333322736925126,0.5,1.0,1.0,0.5,0.8333354526149819,0.8333354526149819,0.16666454738501812,0.0,0.16666454738501812,0.2857131179479069,0.7142868820520931,0.8571448034201552,1.0,0.42857103931596896,0.571428960684031,0.42857103931596896,0.0,0.2857131179479069,0.2857131179479069,0.39999961853027344,0.8999996185302734,0.6999988555908203,1.0,0.6999988555908203,0.39999961853027344,1.0,0.0,0.39999961853027344,0.5
76,,2,0.0487809677870068,0.0,0.12195143550415288,0.17073141932779556,0.17073141932779556,0.41463429033610133,0.29268285483194845,0.5121952419467508,0.6341466774509055,1.0,0.0,0.02499925668007208,0.02499961339433554,0.09999875292791671,0.27499890939087734,0.27499962571240033,0.3749996353737419,0.4499994878024438,0.5500002083610678,1.0,0.0,0.03124910631969513,0.09374983243113633,0.1562493065621311,0.28124868207772025,0.3437498482135659,0.18749929352298977,0.46875005047431983,0.6250006052785686,1.0,0.0,0.24999920950688193,0.15624993296196976,0.2187493280020938,0.31249904587390986,0.4062496509776601,0.5624991427194956,0.5624992116794587,0.8437500088894225,1.0
77,,4,0.43478238142449044,0.6086942885469497,0.30434888668570537,0.3913039690408162,0.043476669971440174,0.13043349473878507,0.0,0.7391312681101958,0.8260863504653102,0.9999999999999964,0.5263167935474016,0.5789471210398922,0.5263182331483236,0.421054204371643,0.3684221745259535,0.0,1.4305018041227413e-06,0.6315807713912562,0.8421058642019332,1.0,0.43999905792137284,0.6399989068658591,0.4000006943893908,0.4800008611054878,0.2399987682030691,0.11999877139350446,0.0,0.19999957885006836,0.7199996726656295,1.0,0.3809516113548099,0.6666663907679791,0.6666681641977803,0.3333343122300043,0.5238100864563151,0.04761963154271953,0.14285752279525354,0.0,0.8571418440937499,1.0
78,,3,0.8260863607838651,0.9130431803919308,0.34782590823515847,1.0,0.7826086360783862,0.7826086360783862,0.043477724705475396,0.0,0.4347827278432277,0.6086949968622513,1.0,0.7187500196854035,0.40625004729789715,0.8437502957629892,0.937500369490488,0.5625001244231811,0.4999999219493656,0.0,0.281250158574224,0.5624997338699629,0.9999995131534334,0.923076651764525,0.5769229836575676,0.9615384354197971,1.0,0.7692307019335267,0.19230726729229985,0.0,0.30769236673777556,0.6538455850772991,0.9999996374463578,0.6111108474369669,0.4999999156551027,0.833333286859224,1.0,0.5277776772299578,0.5833331015379528,0.0,0.19444446300092189,0.5833329003136747
79,,3,1.0,0.7741920736353407,0.6451600613627839,0.7741920736353407,0.32258130060651524,0.8709679877274432,0.6451600613627839,0.35483993863721963,0.0,0.8387093496967424,1.0,0.7714294793369341,0.6571437525899313,0.7714294793369341,0.40000152489481167,0.5428583596065977,0.9428577320652067,0.3714293867013403,0.0,0.6571433403128886,0.9600015084684195,1.0,0.8399998941332143,0.8399994855270947,0.44000120417745237,0.28000351689123093,0.4400001280083501,0.4399996007444251,0.0,0.3200014768875121,0.6470583240207439,1.0,0.6176466797388862,0.6176463754413213,0.6176474927662134,0.05882363799792856,0.5588240799992761,0.4411762416043459,0.20588100047140756,0.0
80,,3,0.4499999216901145,0.10000015661976924,0.049999295211035744,0.249999608450576,0.0,0.6999995301406905,0.899999843380229,0.899999843380229,0.7500003915494222,1.0,0.45454579725507394,0.1818189410976636,0.0,0.09090927312590225,0.04545521879793846,0.4545453149503018,1.0,0.7727272934155334,0.8181824196899203,0.9090910131667602,0.5882356909258242,0.17647162444890085,0.11764713347568545,0.11764737592093155,0.058824485086365286,0.0,0.7647058448694324,0.8235293535187402,0.7058830650124257,1.0,0.64999997538213,0.5000005343336014,0.19999993148697826,0.2500000976455645,0.35000055110327466,0.0,0.7499995727963427,0.949999406191619,1.0,0.8499995919472649
81,,3,0.0,0.6571426391601562,1.0,0.8285713195800781,0.4857139587402344,0.3999998910086493,0.3142858232770642,0.4285714285714288,0.1999996730259488,0.3999998910086493,0.0,0.37499977648250216,1.0,0.7812502793968719,0.5937500931322912,0.15625005587937402,0.21874972060312725,0.31250011175874803,0.37499977648250216,0.21874972060312725,0.0,0.3714288984026233,1.0,0.7428572518484939,0.8571428571428577,0.6000001089913507,0.6571431841169089,0.6857147216796875,0.485714503696987,0.5714285714285721,0.0,0.3469388231740451,0.9591835304778646,1.0,0.8571427459272281,0.5714286270363864,0.5510203922753183,0.48979607724681706,0.7346937266155233,0.4285713729636136
82,,3,0.8524593547031483,0.8688525512826768,1.0,0.6721310655265089,0.5409836168091857,0.7868853176643036,0.14754064529685174,0.08196723361837321,0.0,0.0655734116784803,0.8387096972668928,0.774193330064179,1.0,0.8387096972668928,0.5645160595658751,0.7419357617364994,0.6935481786976254,0.016129399437517122,0.0,0.06451636720271381,0.6603769782432831,0.8113208633590627,1.0,0.8867920861631653,0.7358489208011729,0.8301884891216424,0.0377359712789449,0.0,0.05660431679531186,0.05660431679531186,0.46031715275805674,0.8412698220473782,0.8095236653553375,1.0,0.6666668685025243,0.6190473307106767,0.8412698220473782,0.14285679685281316,0.11111124566834896,0.0
83,,4,0.19540182994875188,0.0,0.13793059684105735,0.3678164358153584,0.13793059684105735,0.3678164358153584,0.8390803659897497,0.8160922353640814,1.0,0.8965515990974442,0.16504884840000145,0.1553404044483333,0.0,0.3592241530201221,0.2524276208655962,0.24271891850096416,1.0,0.7572817217631318,0.9999998938191084,0.9029126385786377,0.15384603700177024,0.0,0.09890107079193733,0.3626379613954267,0.2747249264553844,0.20879176299177082,0.5164837961844615,0.7362638606314729,0.9670325878185579,1.0,0.0,0.25000026313185586,3.9284969943764736e-08,0.21875050028017462,0.3333329951213191,0.11458384526610921,0.35416712174446197,0.5520831505563546,0.7916666295869295,1.0
84,,3,0.399996185317292,0.7999961853172834,0.7999961853172834,1.0,0.7999961853172834,0.20000000000000284,0.0,1.0,0.7999961853172834,0.20000000000000284,0.0,0.07692194831375332,0.46153755865100266,0.46153755865100266,1.0,0.23076877932550133,0.15384683101174446,0.6153843896627507,0.6153843896627507,0.07692194831375332,0.42857103931596896,0.7142841572638758,0.7142841572638758,0.8571448034201552,1.0,0.571428960684031,0.2857131179479069,0.2857131179479069,1.0,0.0,0.4285718178263558,0.49999931880387294,0.857142273260461,0.857142273260461,0.857142273260461,0.3571415920643375,0.14285636434728488,0.14285636434728488,1.0,0.0
85,,3,0.7142852759277254,0.6666666666666679,0.7142852759277254,0.7619046523152644,0.8095240287028052,0.7619046523152644,0.7619046523152644,1.0,0.0,0.0,0.7777774406790332,0.5185184832108334,0.8148144853767132,0.5555554202298669,0.6296297593923619,0.5925924659555015,0.5925924659555015,1.0,0.14814818760439508,0.0,0.2380946758298581,0.5714285421458865,0.7619043400431789,0.7142855915707944,0.8095240269128343,0.8095237149801626,0.7142855915707944,1.0,0.0,0.04761906321599518,0.3999994509978233,0.5499999616898403,0.7499995510423627,0.8499999126836517,0.8500002429653097,0.8999999283634672,0.8999999283634672,1.0,0.2500000863334524,0.0
86,,3,0.24999944130457585,0.0,0.0,0.035714046273389144,0.14285730248440665,0.1785713487577958,0.4642859537266091,1.0,0.7857146049688133,0.7499994413045759,0.20588203942121908,0.20588261672010688,0.08823553007104756,0.0,0.1176473712074273,0.11764715596900999,0.4705885544425783,1.0,0.7058826507737859,0.6470583899936795,0.0,0.20833397759877315,0.12500069982640838,0.08333376242466173,8.781273699298708e-07,0.25000041413645135,0.3333338844537792,0.7083330448242648,1.0,0.9166657302794299,0.03571385513113157,0.14285737905449025,0.14285737905449025,0.0,0.035714621532864754,0.10714292414557036,0.25000021094354175,0.3928568262069856,1.0,0.7142849017796191
87,,4,0.8749996879984181,0.4374985959928992,0.3750009360047315,1.0,0.6249990639952614,0.9374998439992055,0.3750009360047315,0.5000012480063063,0.2500006240031496,0.0,1.0,0.6363635114582635,0.18181895170189932,0.9090919657944312,0.9090923140438107,0.8181823705233953,0.8181813279797083,0.18181883420107425,0.18181907004957765,0.0,0.9166662563812693,0.5833298010039414,0.4999993654117034,0.5833309126897319,0.999998688254621,1.0,0.5833315869992006,0.24999941536845682,0.24999962885555504,0.0,0.3636369813655449,0.7272725048630662,0.18181917201711428,0.0,1.0,0.4545461260119268,0.727274481247008,0.090911570681385,8.533191149240338e-07,1.0913066645912295e-06
88,,2,0.042253790638053346,0.0,0.16901429276576874,0.5211268953190267,0.21830987446807093,0.23943655234048666,0.35211260255325794,0.6901411880847954,0.7887323514894007,1.0,0.3931037256673475,0.0,0.08965537871102036,0.6000001347208723,0.43448277134492486,0.17241372752047646,0.3793102709138454,0.682758962384991,0.9172413341861185,1.0,0.2073173040065237,0.0,0.09756114982906006,0.4756098703073599,0.35365854813974984,0.2317072602902872,0.23170725740238574,0.39024418483279355,0.6829267942839348,1.0,0.40689670450892024,0.07586188318841458,0.0,0.7379311145315777,0.55862061243832,0.26206875192243473,0.3517239367946825,0.3379312248642865,0.8206895769342664,1.0
89,,1,1.0,0.8588235294117634,0.45882352941176485,0.2235294117647051,0.0235294117647058,0.1058823529411761,0.0,0.2588235294117638,0.3647058823529399,0.5764705882352938,1.0,0.7142857142857153,0.6190476190476204,0.3714285714285719,0.18095238095238209,0.0,0.14285714285714413,0.10476190476190617,0.18095238095238209,0.48571428571428577,1.0,0.80722891566265,0.4457831325301207,0.2530120481927707,0.04819277108433617,0.012048192771084487,0.0,0.14457831325301207,0.2289156626506017,0.5180722891566258,1.0,0.6666666666666661,0.6166666666666654,0.4499999999999993,0.25,0.0,0.13333333333333286,0.21666666666666679,0.21666666666666679,0.38333333333333286
90,,2,0.6428566561350841,0.5000011356848084,0.28571558363978156,0.21428555204502686,0.0,0.9285699684052489,0.5714288959099463,1.0,0.6428566561350841,0.9285699684052489,0.4705886552343337,0.23529569058682753,0.235295581383415,0.05882365995449135,0.0,0.5294117238149028,0.529412789637334,0.5882365557674447,0.4705886552343337,1.0,0.1538466400419587,0.538463593458868,0.38461726820963804,0.3846155903832944,0.0,0.23076914586804165,0.5384628328939414,0.7692323934331355,0.8461544278679938,1.0,0.0,0.6923092298524054,0.6153860056818132,0.4615381458769541,0.23076875722101775,0.0769224952130152,0.9230776972627588,0.6153856684858425,1.0,0.9999993928135815
91,,3,0.8695663359374315,1.0,0.9565221119791438,0.9130442239582877,0.7826088447916568,0.6086938625001075,0.5652176895833136,0.39130442239582663,0.08695749114577467,0.0,0.7777752956415718,1.0,0.7777758760120506,0.7037028601042472,0.6296306335327024,0.4444447379487677,0.5925913674292893,0.5185188543736423,0.22222163284372698,0.0,0.9999988353871139,1.0000000000000036,0.999999612972065,0.9999992247695566,0.9500006476942069,0.6999988972306888,0.7000004780672846,0.450000697105974,0.15000049936252324,0.0,0.6538449054885511,1.0,0.8076921383738451,0.7692309133024757,0.6538457230322727,0.500000722540122,0.4615380826188762,0.2692307416396744,0.26923005860948024,0.0
92,,3,0.03614447801561216,0.0,0.060240796692687226,0.5060240796692685,1.0,0.8313253067769102,0.4698796016536564,0.5421685576848807,0.5903616575225961,0.530120860829908,0.0,5.319073181908607e-09,0.011493932307342192,0.41379305764919483,0.8850576947953295,1.0,0.7356321988511398,0.4942529464280039,0.8160922341512338,0.6551726052196303,0.0256412812385296,1.7008761243886283e-07,0.0,0.10256408201641865,1.0,0.8461534888653341,0.4615382532675749,0.4871793593614333,0.5897434942953668,0.5256411174776412,0.0,0.03260863184142426,0.010869263674749163,0.07608660581922866,0.8913045619124595,1.0,0.7500000203497974,0.44565213988368946,0.5000001229209099,0.43478301447710965
93,,4,0.1521739692732691,0.22826052281484444,0.22826052281484444,0.22826052281484444,0.0,0.4782611694574328,0.7173913230910909,1.0,0.597826246274261,0.7608698463663437,0.049019670172148366,0.0,0.029411311833436926,0.06862714225777289,0.05882355174901832,0.264705819980005,0.45098048651641776,1.0,0.7843139193617397,0.5294114861976897,0.11111128700817474,0.11111119160719873,0.20833300972448932,0.2361103692899018,0.05555566004296608,0.0,0.6250001828205729,1.0,0.7083333047731539,0.9027781431957056,0.19148943998913737,0.15957415429013366,0.20212749933243224,0.2446808443747308,0.2978725173875407,0.0,0.5638300411182708,0.8297875596313169,1.0,0.6702130912307069
94,,3,0.29787293172286766,0.27659563205278737,0.42553143622434497,0.1489358041715576,0.04255327596040992,0.27659563205278737,0.0,0.8085109198680325,0.6595737923167224,1.0,0.0540548209659768,0.24324301766030842,0.24324263784552613,0.3243236561730569,0.0,0.10810794301286109,0.05405389567009422,0.8378381616758652,0.8108098292262937,1.0,0.05128285959182577,0.3589741718251318,0.4102558432722674,0.38461480856866004,0.2564102316822101,0.0,0.1794870697100137,0.12820578453046494,0.9743579987926729,1.0,0.02702790403066402,0.4594592041139762,0.2972967571633589,0.6216208698785266,0.2432432244261591,0.0,0.2972971146406387,0.05405479420783976,0.9729719337836258,1.0
95,,2,0.21428603835047078,0.1285713961649524,0.24285720767009522,0.32857071562896323,0.20000045369065944,0.2285716230102839,0.014285584659811335,0.05714347286589572,0.0,1.0,0.17742057449779836,0.193548698276647,0.22580709948190325,0.3387103449532649,0.4354845719243787,0.2741945576371929,0.1935490929557524,0.016130455170213054,0.0,1.0,0.45454487607588945,0.45454306997144656,0.5454565359733046,0.772727326479437,0.6363633498301162,0.6818177245336976,0.09091013787868008,0.0,0.04545603957986444,1.0000000000000036,0.34285622186186515,0.45714126389563603,0.2857145627669304,0.5714278230216436,1.0,0.5428577748514236,0.571428146720713,0.0,0.22856940676993176,0.5714278924184057
96,,3,0.1641794057461725,0.1393034958504602,0.15920399525766893,0.3034825207476972,0.15920399525766893,0.08955243775690569,0.0,0.06467690871012888,0.5124379549478562,1.0,0.17777807831374481,0.09999986828879592,0.13333346837264326,0.28333312981186776,0.3722226222251406,0.07777777915659634,0.03888902099996283,0.0,0.4555556698068166,1.0,0.22435918599303228,0.12820494720159648,0.16666678284881797,0.25641025086089275,0.198718077222777,0.14102552340765673,0.0,0.025641286596400192,0.1794872554244611,1.0,0.24182989769617347,0.2156861291121137,0.13725483310091757,0.3594769460006457,0.40522865656187257,0.1699344499601887,0.15686272276340318,0.0,0.1764700826910115,1.0
97,,2,0.6250003221392113,0.6666670961856145,1.0,0.9583332259535968,0.7499993557215792,0.6666670961856145,0.291667418324824,0.3333329038143855,0.08333354809280635,0.0,1.0,0.4642861742180351,0.8571428829664729,0.7142857156542703,0.857142163128584,0.5714289637594501,0.5357147713308503,0.10714261798833924,0.35714285367790843,0.0,0.8421063494567953,0.5263169813520392,0.6842114903575194,0.9473692670488454,1.0,0.6842117502819853,0.3684223119630481,0.31578927754944175,0.1578951049291426,0.0,1.0,0.45833387015419547,0.5833335689182739,0.5833334359173286,0.7916659238219896,0.583333778525903,0.5000005875750517,0.12499970942901761,0.41666661833246543,0.0
98,,4,0.0,0.6000047451836394,0.8000063269115145,0.6000047451836394,0.6000047451836394,0.40000316345576437,0.8000063269115145,0.8000063269115145,1.0,1.0,0.0,0.9999977655622416,0.8571419218972807,0.5714237882228232,0.7142835971841208,0.5714253179543434,0.4285733613314022,0.4285733613314022,0.7142858193447026,1.0,0.0,0.6249996764878745,0.6250030983394907,0.6249996764878745,0.6249996764878745,0.6250010038828577,0.2500046851766271,0.5000052167397158,0.8750021225871478,1.0,0.0,0.5555532129531073,1.0,0.8888838772589693,0.5555532129531073,0.7777762551607381,0.555556254587735,0.6666693102056485,0.8888856008294042,0.9999986527254663
99,,3,1.0,0.7555555555555555,0.3777777777777782,0.3111111111111118,0.28888888888888964,0.0,0.13333333333333375,0.2666666666666666,0.08888888888888946,0.044444444444445175,0.9729729729729737,1.0,0.621621621621621,0.37837837837837895,0.32432432432432456,0.21621621621621578,0.2702702702702702,0.16216216216216317,0.10810810810810878,0.0,0.7297297297297298,1.0,0.3243243243243228,0.45945945945945965,0.48648648648648596,0.0810810810810807,0.1891891891891877,0.3783783783783772,0.2702702702702702,0.0,0.8372093023255811,1.0,0.558139534883721,0.23255813953488325,0.2790697674418601,0.2790697674418601,0.0,0.13953488372093048,0.2790697674418601,0.18604651162790642
100,,2,0.15384801765850398,0.07692400882925199,0.6153848017658525,1.0,0.7692328194243565,0.846154405297554,0.3076936123609535,0.0,0.0,0.846154405297554,0.20000128062697797,8.129103505893909e-07,0.6666656022359199,0.7333319586154126,1.0,0.6666659119659712,0.6000000784692539,0.0,0.13333309619014244,0.5333328130478883,0.30769353708818414,9.103858360504091e-07,0.15384598135799266,0.6923062417940784,1.0,0.8461526539168212,0.30769296099659726,0.0,0.3076916978844082,0.6153838757820687,0.5000006544116467,0.18750035915428143,0.0,0.7499986769450722,1.0,0.8749989517648586,0.8749996208488575,0.2499995086788971,0.062499796208946634,0.37499970828186235
101,,3,0.0,0.02000017523052655,0.14000122661369296,0.3600007646423027,0.2400013062639328,0.6600002070906239,0.8999991238473601,1.0,0.8800005416216301,1.0,0.0166660149019755,0.0,0.05000045256029928,0.2666664857676082,0.3333336169088579,0.49999991149320344,1.0,0.9166673862980144,0.9000011166887152,0.8666681076379703,0.0,0.05454642594063408,0.16363691000799818,0.327273432988477,0.4000011201015248,0.45454517974043007,0.7454535485209117,0.9090909447113162,0.945455565822737,1.0,0.0,0.17543902078546125,0.08771962130639643,0.29824534742513364,0.4736841033530652,0.36842069105589736,0.8245604396944337,0.9649126534109804,1.0,0.9824562452208898
102,,3,0.3000009196558011,0.40000122620773837,0.2000006131038674,0.8999996934480627,0.0,0.6999990803441953,0.2000006131038674,1.0,1.0,0.8999996934480627,0.6000002142567489,0.3000007606339743,0.0,0.7999996376691065,0.3999989556119381,0.09999904647569835,0.19999992344292394,1.0,1.0,0.999999560725108,0.22222348335056452,0.22222395607587586,0.22222300722436117,0.44444496247687937,3.610742282944557e-08,0.0,9.917852104024405e-07,0.11111240297319469,0.777778458030042,1.0,0.7692310426200599,0.5384623671540432,0.23076969168692685,0.6153846578680593,0.6923070186220777,0.0,0.38461569506455007,0.07692396763357578,1.0,0.7692306609480539
103,,4,0.12500029802279755,0.5000011920911902,0.937498658897411,1.0,0.4374998509886012,0.6249991059316073,0.0,1.0,0.8749997019772024,0.6249991059316073,0.0,0.3125002980235081,0.9375008940705243,1.0,0.8125002980235081,0.6250005960470162,0.3125002980235081,0.6874997019764919,0.6874997019764919,0.7500011920940324,0.0,0.3999989827473982,1.0,0.4666646321614607,0.5999984741210938,0.7333323160807304,0.133331298828125,0.5999984741210938,0.5999984741210938,0.6666666666666679,0.0,0.1333338419596366,0.8000005086263009,0.7333348592122384,1.0,0.46666717529296875,0.46666717529296875,0.33333333333333215,0.9333343505859375,0.9333343505859375
104,,5,0.9230755749176893,1.0,0.6923073071193429,0.30769269288066425,0.15384634644033213,0.5384609606790107,0.6923073071193429,0.9230755749176893,0.3846146142386857,0.0,1.0,0.6923090323912646,0.6923083065363969,0.461539349909323,0.23076967420359296,0.3076924291827581,0.3846158956130239,0.6153844937270563,0.6153844672054589,0.0,1.0,0.8000017640005197,0.9000008747400088,0.10000098139600055,0.1000005134751234,0.2000001106362319,0.20000057650702274,0.899999959314421,0.3999997220535363,0.0,1.0,0.5714296296264436,0.5714289584148489,0.5000006669022596,0.0,0.14285691501988396,0.21428586858318255,0.35714245064027494,0.6428568923951659,0.07142827797436979
105,,1,0.1578947914225317,0.0,0.2500005185140619,0.32894739571126586,0.5921057270915284,0.8815786471760685,0.9078953099365954,0.9999999999999982,0.7631583313802626,0.723683855753535,0.025642091423978997,0.0,0.21794947187294156,0.3333338978767877,0.5769231205078427,0.8461541242978949,1.0,0.9743592536911976,0.8589743185820211,0.7051273466009089,0.05333300682200459,0.0,0.13333367009731845,0.22666628154387958,0.3866663129883374,0.7199992015677008,0.7733329877499671,1.0,0.7999998595240818,0.599999571315708,0.0,0.10526203765970799,0.09210475841494059,0.26315753137885345,0.355262920514388,0.6315782582005536,1.0,0.9605257719561262,0.921052436211717,0.749998995730996
106,,2,0.4999992199237724,0.6250001950190587,0.7083326182634586,0.5416646514697412,0.08333242324439993,0.33333281328251374,0.0,0.7916650415078585,1.0,0.7083326182634586,0.1111103527666586,0.2592584718753379,0.37036922803217465,0.40740603273660625,0.22222187859505382,0.037036074702385235,0.0,0.37036885632477734,1.0,0.6666664711267067,0.0869551619305895,0.47826076734445166,0.6956528505867006,0.6086944122798883,0.13043443953560185,0.13043479809871883,0.0,0.3913038521402541,1.0,0.7391300854205873,0.17857025671819216,0.3571433019775263,0.5357138774537944,0.6428560333628894,0.46428568952929794,0.0,0.14285759400128484,0.24999977384408467,1.0,0.8571423363558104
107,,1,0.0,0.6862747151317867,0.7254905627353327,1.0,0.5882354701129602,0.37254943026357346,0.4117645298870398,0.5294120726976796,0.7647064103388796,0.7647064103388796,0.0,0.5737706353286081,0.7213119059858242,1.0,0.7213119059858242,0.5737706353286081,0.4754102051307063,0.5245904202296572,0.7213119059858242,0.8360655327632553,0.0,0.6249997445516264,0.2321426260228998,0.5892853371952587,0.7678566927814376,0.642857288827642,0.5714284741149056,0.7499998297010846,0.7142854223447159,1.0,0.0,0.7413792763255245,0.31034473686806674,0.827586184217016,0.9827588815043056,0.7586203948212189,0.5517243420468478,0.6551723684340329,0.6896552631319324,0.9999999999999991
108,,1,0.0,0.015384422033694278,0.07692305868242366,0.0,0.015384422033694278,0.30769247185818394,0.4769230112567264,0.8923076229932114,0.8461538826351518,1.0,0.06060624839768636,0.0,0.10606076354978677,0.06060624839768636,0.09090907773002055,0.33333362940241207,0.5303030596176908,0.8333332925676262,0.939393995835911,0.9999999999999996,0.0,0.07272705198140716,0.09090906637285112,0.16363637264269482,0.10909068848902326,0.2727274371759769,0.5818180838122391,0.6545453223916535,1.0,0.9999999442274596,0.0,0.11594185690178982,0.1739130353046674,0.18840581459487105,0.17391287381601916,0.20289868868107863,0.5217390733128622,0.5652173077717624,0.9855072919131942,1.0
109,,4,0.05159713389609877,0.0,0.017198919179926886,0.024570045838317345,0.1154791025331976,0.4594593679133281,0.471744390832487,0.8648647478892526,0.88943479372757,1.0,0.17321025907789256,0.04849899222473475,0.0,0.0023096516768821296,0.11547350088389852,0.42263280353362065,0.4803695201653406,0.9884525325971878,0.9884525562852042,1.0,0.0,0.0924997964420089,0.09749988937621668,0.09999989669945464,0.09500002274198271,0.20499982377849113,0.41249989900474704,0.5249998971632373,0.7749999060820785,1.0,0.09399497695074421,0.02872070242720426,0.010443802115689849,0.002611073051205004,0.0,0.12532638425352838,0.38642295120312875,0.4386422670269652,0.9477805771368644,1.0
110,,2,0.656250968574092,0.7499994039544049,0.5000011920911902,1.0,0.4687493294487055,0.031251862642484696,0.0,0.15624977648290184,0.12500029802279755,0.3124995529658037,0.7000020345052071,1.0,0.633333841959633,0.9333343505859375,0.866668701171875,0.13333384195963305,0.1666666666666643,0.0,0.1000010172526018,0.7000020345052071,0.49999826605030506,1.0,0.6818167631320691,0.9090890175094231,0.727270520427659,0.09091098249057694,0.045453757295597086,0.09091098249057694,0.13636473978616692,0.0,0.3666661580403634,0.9666671752929688,0.6666666666666679,0.6999994913736991,1.0,0.3000005086263009,0.0666681925455741,0.0666681925455741,0.10000101725260535,0.0
111,,4,1.0,0.5555569834986898,0.9444451584160092,0.5000021419146989,0.1388903168320219,0.0,0.36111396699737597,0.11111182508267703,0.19444730033071167,0.0,1.0,0.6999999027876456,0.7999991836651894,0.6500005626155279,0.25000121543799736,0.0249996100721539,0.1250017476868699,0.19999904766811838,0.1500009971381644,0.0,0.6666661334937913,0.7666685944134599,1.0,0.766668441955435,0.26666759867671175,0.09999889327150058,0.0,0.19999791107735732,0.3333335677788014,0.1333317861272043,0.43589607967777866,1.0,0.7948714514565829,0.9487185031812047,0.5384617842086676,0.1282035923696654,0.0,0.4871773872826921,0.17948641329864046,0.20512565293925178
112,,2,0.22222270729965743,0.6666659390505032,0.3333340609494897,0.22222270729965743,0.0,0.0,0.3333340609494897,1.0,0.22222270729965743,0.6666659390505032,0.11764644702021343,0.4705880993378244,0.2352940496689122,0.2352940496689122,0.0,0.058823801324351166,0.11764644702021343,1.0,0.7058821490067366,0.35294165231761454,0.6249981582165631,1.0,0.8749993860721901,0.8749993860721901,0.3749993860721901,0.3749993860721901,0.6249981582165631,1.0,0.0,0.749998772144373,0.0,0.3333340609494897,0.6666659390505032,0.3333340609494897,0.22222270729965743,0.0,0.0,0.3333340609494897,1.0,0.22222270729965743
113,,1,0.0,0.3793103203745387,0.827586121310885,1.0,0.9195404499624864,0.9080460259175895,0.8390805453557819,0.8965519564418845,0.632184103670359,0.517241281498154,0.0,0.26785707489611443,0.5892855432776178,0.928571318818141,0.8660715089179463,0.7857142213876336,0.9999999999999996,0.678571500795349,0.7142858212851331,0.5178570118717767,0.0,0.07499989231586657,0.5249998392998867,1.0,0.9000002262047069,0.9750000683509761,0.9875001292357366,0.9125002493595913,0.7250002339041792,0.6499999278596746,0.04950504988235638,0.0,0.35643547179011303,0.8712869301063888,1.0,0.8019800681070199,0.8316830820115584,0.7227723141659856,0.8514852096345491,0.6435641959589633
114,,2,0.9999999999999964,0.8717943099374885,0.564103841051157,0.6153849218522751,0.5128207682102293,0.7435906119147866,0.4871792317897672,0.2051283072840917,0.0,0.025639544380652524,1.0,0.6938774056709924,0.48979677569575486,0.38775593062611335,0.4897968872700247,0.38775640627605057,0.5918368557647113,0.1836739488763186,0.0612259154336634,0.0,1.0,0.8648642643081423,0.6756769554419257,0.5945948822373559,0.6216218200286505,0.5945955058848895,0.13513571762352683,0.29729730670245047,0.02702774591178425,0.0,0.8837216004250301,1.0,0.7674429917634136,0.5348849348480655,0.6511641687375196,0.4883746033028942,0.8837212281836813,0.30232638948914925,0.18604800911099773,0.0
115,,2,0.0,0.19148885593203602,0.06382829802210388,0.2978728742939616,0.404255572033982,0.4255321115819868,0.4255321115819868,0.25531847457604684,0.23404193502804382,1.0,0.0,0.1395343502259223,0.02325419713727861,0.3023261662372594,0.4883723407384064,0.4186048699030298,0.4418606754377894,0.37209223376032163,0.3488364826010528,1.0000000000000018,0.0,0.027026468173168894,0.10810620571946572,0.2972979700735898,0.5945948350066708,0.5675677568209849,0.45945969366928097,0.37837747207164796,0.3783775327641017,1.0,0.0,0.024999483840797865,0.0999982434129798,0.5250005397613258,0.6750001918920532,0.6500001433750171,0.6500001433750171,0.4249991390123036,0.5749991287216254,1.0
116,,1,0.488888845819897,0.022224246464897845,1.0,0.4444442290994779,0.40000155048375063,0.3555549956586468,0.0,0.022224246464897845,0.11111154180104066,0.24444539196229442,0.9999995674075848,0.27500029276147586,1.0,0.8749989310325823,0.4999989282403554,0.4499984888904187,0.17499764163667209,0.0,0.07499771744009465,0.2249987581123314,1.0,0.08333491135837079,0.24999936746431928,0.7916660303728378,0.7916682121369192,0.7499987307427816,0.0,0.08333491135837079,0.24999879368427003,0.374999839266664,0.8936179914187363,0.4255328500581719,0.08510540869767524,1.0,0.46808553351786486,0.638297500158469,0.3829769624661985,0.0,0.23404241398776549,0.2553201046504654
117,,2,0.6666656070292092,0.8333328035146081,1.0,1.0,1.0,0.5000015894561827,0.0,0.0,0.0,0.0,0.3749994039529838,0.5,0.8750017881410486,1.0,1.0,0.7500011920940324,0.6250005960470162,0.2500011920940324,0.1250005960470162,0.0,0.3749994039529838,0.7500011920940324,1.0,1.0,1.0,0.6250005960470162,0.24999880790596762,0.24999880790596762,0.24999880790596762,0.0,0.0,0.4444442089692018,0.8888905372155662,0.666667373092384,1.0,0.7777789551539733,0.333334746184768,0.22222316412317866,0.22222316412317866,0.0
118,,1,1.0,0.6923078051686247,0.46153902584312334,0.38461561033724934,0.30769219483137533,0.30769219483137533,0.076923415505874,0.15384536381963088,0.076923415505874,0.0,1.0,0.8461533947107789,0.6153849539669132,0.3076932105784387,0.3076932105784387,0.3076932105784387,0.2307699079338299,0.07692330264460878,0.07692330264460878,0.0,1.0,0.8333328035146046,0.5,0.4166664017573041,0.4166664017573041,0.3333328035146046,0.08333359824269593,0.08333359824269593,0.08333359824269593,0.0,0.8333341280626883,1.0,0.7500003973646798,0.4166670640313441,0.4166670640313441,0.16666587193731175,0.24999960263532373,0.0,0.0,0.0
119,,4,1.0,0.6315802565356847,0.52631273475005,0.6842098717321505,0.4210535043571255,0.3684238891606597,0.0,0.10526337608927605,0.263156367375025,0.0526296151964587,0.9285738019394145,1.0,0.6428550892844171,0.500001859476356,0.6428580556866876,0.3571448193987692,0.28571620206940906,0.07143146121113375,0.21428731267499757,0.0,0.9285682344446471,1.0,0.7857094293416864,0.7857108177290115,0.7142849486597811,0.6428589989775304,0.0,0.07142466469079523,0.2857135845382075,0.21428079566159397,0.47058839149675435,1.0,0.5294122245925621,0.5882359870479945,0.6470598897125655,0.2941209199568604,0.2352972373901565,0.0,0.05882361477112852,0.11764629679932881
120,,2,0.0,0.25806402221178715,0.38709858522344476,0.5161305963293401,0.4516133148235113,0.4193546740705969,0.5161305963293401,1.0,0.6451600555294696,0.5806453259294067,0.0,0.39999799889625365,0.3666672874137227,0.5333334602995379,0.5666665097088739,0.5333325089853922,0.7666658235671591,1.0,0.8666662340440503,0.7666655104663889,0.0,0.28000061697489187,0.7200025583903411,0.6400031401054065,0.8400034226183699,0.7600001934389162,0.9200019520957738,0.9200010964021459,1.0,0.8800021879037772,1.4831488641675605e-06,0.0,0.5238131907038266,0.6190486750601778,0.7619069740150124,0.5238110898073742,0.7142849119716956,0.9047599921036564,1.0,0.9047605744401324
121,,2,0.0,0.519998655552568,0.47999981666625935,0.6999987777750611,1.0,0.6800001222224932,0.7599977999951104,0.5,0.31999987777750505,0.09999938888753057,0.01785740071689723,0.8749995441521303,0.2678572022646666,0.5714273220398756,1.0,0.6250002130834442,0.6071423644987899,0.42857213599365096,0.17857210654629618,0.0,0.0,0.3333321561580753,0.4603171010799283,0.7301571695095603,1.0,0.8253969876042966,0.6507921092314692,0.6507930728494813,0.44444484025060405,0.3492063881113161,0.0,0.32432380280528506,0.5945943331927737,0.6216204775001071,1.0,0.9189189880917468,0.7162156208284856,0.7567563645454918,0.5810814679960146,0.4324325038538177
122,,4,1.0,0.9166653217867342,0.8750004034639822,0.7916657252507129,0.6666661287146951,0.5833330643573476,0.37499878960806043,0.33333387128530845,0.20833427474928712,0.0,0.9545456174712115,1.0,0.8636362764181023,0.8636351067158152,0.7727274974853522,0.59090936064133,0.4090894780381369,0.3181830419220404,0.2272737000664833,0.0,0.7272730450621552,1.0,0.954545635209243,0.9090906561334045,0.8181813123568986,0.7272725389668793,0.454545029685935,0.40909066719170184,0.22727368934382852,0.0,0.5909116000523085,1.0,0.9090918263452785,0.8636368404991757,0.772727497188832,0.545455541608078,0.4545450275535394,0.3181830399146719,0.22727369792190188,0.0
123,,2,0.4090911893717504,0.5681825188839209,0.2045455946858752,0.2613635662934257,0.0,0.17045447538433578,0.136363916644477,0.5454551060162274,1.0,0.6818184620990237,0.2882882510168381,0.27027051014632164,0.3513512814249058,0.3603600976555068,0.28828816017437564,0.009008718402249372,0.0,0.2342343630356476,0.5945941957182654,1.0,0.5060243154721675,0.5783138860371082,0.33734944804152533,0.46987940829268027,0.2048191819966192,0.2530118380637152,0.0,0.22891592008090456,1.0,0.8554220170140852,0.3389832052978754,0.1525428021554145,0.27118656002292063,0.28813553102211475,0.2966102429113455,0.0,0.033898574411545646,0.025424071976403617,0.47457602582063174,1.0
124,,3,0.8260870171757642,0.3478259656484717,0.21739087976965088,0.0,0.0,0.30434806870305664,0.4347831545818792,1.0,0.5217389484727075,0.8695649141211792,1.0,0.5555556818078387,0.18518483193497914,0.0,0.0,0.4074075841372018,0.40740758959743495,0.7777784173479905,0.703703785049008,0.7407405165115506,1.0,0.0,0.2999992108065648,7.264063128786802e-09,0.09999922540952078,0.15000040170737705,0.5000008000716978,0.700000778370665,0.599999996366078,0.7000007712053833,1.0,0.6451611259157364,0.2903222470349309,0.12903222619327614,0.0,0.03225780653386501,0.2580644592855421,0.3548388670709457,0.7741933495870406,0.35483886244818486
125,,2,1.0,0.8181811876535647,0.63636410925983,0.36363589074017355,0.0,0.5909085391968674,0.27272821851965645,0.7727273515433062,0.36363589074017355,0.0,0.8571415596281948,0.5238091345551243,0.4523808226294861,0.28571415596282,0.0714292201859017,0.7142849357769165,0.21428584403717998,1.0,0.14285753211154173,0.0,0.9999999999999964,0.8888877900052101,0.6666661957165196,0.4444446014278256,0.22222159428869048,0.0,0.2962959300017367,0.7037026571478222,0.40740672714608195,0.07407433571304267,1.0,0.8125005215405174,0.562499627471059,0.6249998509884236,0.15624996274710412,0.0,0.43750037252894103,1.0,0.43750037252894103,0.24999970197684718
126,,3,1.0,0.8260871368004246,0.5217406628035945,0.41304460500264284,0.3913049788014824,0.3695653526003184,0.2608692947993667,0.173912863199579,0.1086960578009517,0.0,0.9130435684002123,1.0,0.6956514527983089,0.4782614104012701,0.3695653526003184,0.41304253179777817,0.5217385895987299,0.13043361079725102,0.08695643159978772,0.0,0.8205133221174528,1.0,0.6666682968817241,0.5384624789702244,0.4358983137055432,0.4871791736765907,0.28205084314722484,0.2051283305293623,0.15384502523572863,0.0,0.5555557910307982,1.0,0.7333334746184796,0.46666694923695573,0.33333474618477155,0.3111120059170247,0.33333474618477155,0.13333432232934328,0.04444548053550079,0.0
127,,2,0.7647050903746262,0.8235299397502516,1.0,0.7058824849375647,1.0,0.8235299397502516,0.3529401204995004,0.1176474548126869,0.1176474548126869,0.0,0.7142862332925226,0.7619045889024925,1.0,0.7142862332925226,0.8095247610362897,0.6190477055487555,0.8095247610362897,0.19047523896371032,0.09523852774376707,0.0,0.5624991059294757,0.7499988079059676,1.0,0.7499988079059676,0.6874997019764919,0.3749994039529838,0.43749850988245953,0.12499821185895144,0.1874997019764919,0.0,0.38888865341414913,0.7222226931717017,0.7777773068282947,0.8888886534141491,0.6111113465858509,0.7777773068282947,1.0,0.2777773068282947,0.11111134658585087,0.0
128,,2,1.0,0.76923076923077,0.6923076923076934,0.6153846153846168,0.46153846153846345,0.3846153846153868,0.2307692307692335,0.3076938011992887,0.15384615384615685,0.0,0.9999992429429163,1.0,0.8181798617955316,0.5454539063227557,0.6363619857317602,0.5454546571386878,0.3636347675257845,0.18181767430897366,0.1818163932558221,0.0,0.8749989815880532,1.0,0.9999979701300745,0.749998305108754,0.7499989814886519,0.5000016976519603,0.0,0.12500206198382102,0.12500033144251432,1.005367696649273e-06,0.41666624353938175,1.0,0.7499980552713694,0.5833328326334168,0.4999997677441854,0.4999999981662562,0.33333180510124905,0.08333422985178274,0.24999851379222804,0.0
129,,3,0.7499987403701311,0.6249981105551967,0.4999974807402623,0.24999622111039344,0.37499685092532786,0.0,0.6249981105551967,1.0,0.6249981105551967,0.37499685092532786,0.6666664386490595,0.6666664867672836,0.4999997783795038,0.49999987550341984,0.33333306999223566,0.0,0.49999973015091825,0.999999855645342,1.0,0.33333306999223566,0.5999968603717178,0.5999969177184852,0.3999954340551426,0.3999955498045722,0.19999395039056367,6.446579590146939e-07,0.0,0.5999967464601781,1.0,0.5999970332030529,0.7499987598984461,0.6249981939808933,0.6249982301524923,0.6249983029957349,0.24999645997350228,0.124996189798118,0.0,0.6249980864526279,1.0,0.37499706214579476
130,,2,0.07142798535119077,0.0,0.12500034187847042,1.0,0.7857139926755945,0.6428566544593259,0.3392849816889889,0.9642853235674593,0.6607143345540667,0.6607143345540667,0.0,1.3226709150160332e-07,0.09876555935741216,0.6172839010986406,1.0,0.5802466732821543,0.46913537592895516,0.6049382437367079,0.6419751323666603,0.5185183934854702,0.146340928798951,0.0,0.21951202907983358,0.3170733026523038,0.951219540097334,0.9024393503672581,0.512194561781314,0.6097562935809311,1.0,0.9268294078799144,0.0,0.028985762299829076,3.0192198696710193e-07,0.18840639419883853,1.0,0.49275355360037576,0.5362316340422524,0.23188434123145907,0.7826086203379887,0.6376811381380856
131,,2,1.0,1.0,0.8000030517578125,0.3500022888183594,0.5,0.4500007629394531,0.0,0.40000152587890625,0.5,0.3500022888183594,1.0,0.5161287940874608,0.48387120591253563,0.419353568466466,0.3225808039416904,0.3870959802915408,0.1935479901457704,0.0,0.3548383921166156,0.5161287940874608,0.045453914925197125,0.9545460850748029,1.0,0.7272730425373979,0.7272730425373979,0.8181808723877992,0.0,0.4545460850748029,0.8636347873129964,0.5454539149251971,0.0,0.9615362043264462,0.7692289634611562,0.846153620432645,0.46153913870206864,0.6153855182694237,0.6153855182694237,0.3076927591347136,0.5769217225958663,1.0
132,,2,1.0,0.8666663162542321,0.7999968462880815,0.9333305300338495,0.6999978975253853,0.6666657906355766,0.36666631625423207,0.46666526501692474,0.2333326325084606,0.0,0.8846182436071004,0.92307960275647,0.8076920548943285,1.0,0.8461555759085506,0.615384207592168,0.5769246076183698,0.2692336313050312,0.15384734808019118,0.0,0.5999994665823287,1.0,0.8800002938619578,0.9999982276275468,0.7999979350621622,0.7999988221834897,0.4400025606007105,0.24000291461894108,0.2800021654430189,0.0,0.27272518400748424,1.0,0.954541058516071,0.7727255773200667,0.9999977518692944,0.5909077657610098,0.49999844311041386,3.757526272352152e-07,0.13636502396168737,0.0
133,,3,0.0,0.6727280610373594,0.3454549502624289,0.6181825425748713,0.5454551846248865,0.6181825425748713,1.0,0.9272726420500152,0.8909089630750238,0.7636360866625509,0.0,0.8103456717969184,0.3620694122707988,0.5000008434921828,0.6379317219554395,0.5517249668348079,0.9137933133194007,0.8448277001911677,1.0,0.8103446812880719,0.0,0.7738100891070783,0.5833335768735886,0.6190481500326301,0.7738099518632602,0.7380957505391974,0.8452382486822057,0.8809524475377959,1.0,0.8809522646337964,0.0,0.8372099670396569,0.686046828009828,0.6627913060291197,0.8488377378835334,0.7325587472955712,0.8139537610875784,0.9069769331913591,0.9767443302740384,1.0
134,,4,0.0909089129379339,0.18181586819313722,0.0909089129379339,0.0909089129379339,0.0,0.2727247811310676,0.5454534776275999,1.0,1.0,0.9090910870620661,0.0,0.23076809791534103,0.1538452439467477,0.1538452439467477,0.07692235715933293,0.23076836690290747,0.538461301693669,0.7692305048306913,1.0,0.8461528575965609,0.0,0.1818172584253439,0.1818188993758163,0.1818188993758163,0.09091010571536984,0.18181757282615507,0.45454590442577114,0.7272729387805157,0.9090898995409091,1.0,0.0,0.1538454906854696,0.30769212244559085,0.23076950081433978,0.15384661534621458,0.15384575671712852,0.3846160607144249,0.6153852670421394,1.0,0.9230771145589287
135,,2,1.0,0.8124996954977526,1.0,0.8749981729865084,0.7499987819910068,0.5624984774887594,0.3124996954977526,0.3124996954977526,0.18749786848426098,0.0,1.0,0.9285691678799886,1.0,0.9285684499061198,0.7857150320548314,0.6428568007825426,0.2857143718498989,0.35714176877701576,0.07142802942722781,0.0,0.6000018339964868,0.8000009267070709,0.8666673107278093,1.0,0.8666672678262799,0.6666668703556375,0.26666739983704346,0.26666739983704346,0.2666660754143564,0.0,0.40000182717368205,1.0000000000000036,0.7333353604391704,0.9333336440305899,0.8000010067062782,0.6000007376785561,0.40000113687526806,0.13333330053337633,0.13333197245299644,0.0
